building_id,mean_temp,std_temp,pct_above_18,pct_below_15
10000,14.016701434535019,6.3676492622326135,30.966330331633575,55.47538967849264
10009,11.01028048638153,5.809286996003361,16.69765805608604,74.93466680068349
10014,14.76009423643455,7.028290843423581,38.297265935139755,52.74831538445879
10019,14.75219175313747,7.020491283113653,38.191880041912086,52.886542354604735
10029,10.622508188742058,6.312460561811112,18.25563221896085,74.51301795448481
10031,12.51872099118389,6.276144595273961,24.080075420557996,66.33473764841057
10051,13.290568693587785,5.999000745442376,25.97693550756574,62.84890553841633
10053,11.374403533368802,6.258990338763394,19.957686882933707,72.38848730606487
10056,14.221562289471542,6.1794045077543185,31.770664359612127,57.05454021123968
10064,12.729579225705642,6.964127503403579,28.854589132358804,62.675186492768844
10075,15.17712319981736,6.44334546715509,39.29975267202544,47.279392279833935
10079,15.105831923572193,7.310311159619339,41.94066689251319,49.388762522383004
10080,15.788727905768031,7.276695255676388,46.42258819841091,44.66988664752966
10082,16.481817927787013,6.706141219645528,48.723152055379074,40.47223934379593
10083,15.642338056613623,7.120666233949096,44.870436948965434,45.874420061760624
10084,15.103437404180207,7.149927041471728,40.92004216232495,50.25146815238669
10085,15.87201886727475,7.191593636270212,46.19291488551234,44.711558809836205
10086,14.401349605024498,7.212646858776389,37.29047849202513,52.985983566940554
10087,15.087660041744552,7.268110485786865,41.58125639989854,49.843584131069925
10089,14.005138326886952,7.26885829436107,35.50778774954371,56.30632760560983
10090,14.292348986223814,6.619899290262298,36.6682123811732,51.18710874101553
10093,14.107773258270862,6.563872903856071,33.415299954503105,56.39014667331066
10094,14.207079018611719,6.7567493066937425,35.406337218847476,54.87878290373776
10097,14.357997188117173,6.864222068044872,37.845159605718386,51.274561002676414
10117,15.467991377969012,6.682571553234301,44.13410625109789,44.460337775101
10119,14.089674182737747,6.7517891686011495,35.08520585130448,54.69260543909918
10120,15.282544148744204,8.031762241511615,46.168775716171105,47.71627461636002
10124,13.869198858446182,7.03166503893032,34.57151056426444,56.046202963016114
10126,13.400895221560917,6.635989514517306,29.673490998941055,61.073067419696436
10128,17.429428523492952,6.706558499486138,56.04351758259297,34.869926052029584
10136,15.429839044852377,7.273167383733226,44.34338141516802,46.86940789148467
10144,12.118610615454028,6.126212822314991,21.841893859516993,68.8482201134709
10145,10.662937533667058,5.891477173010235,16.59074372844896,75.26177596406313
10150,14.964157995600228,7.494034563459178,41.2050516477199,50.724180776292116
10161,13.451501800401758,7.029405189124995,31.821653456440195,59.45789982857822
10165,13.055518070277657,6.732036807735771,29.071604938271605,62.0477366255144
10167,13.234493289218918,6.813348934796285,30.197673255775193,60.84369478982633
10168,13.195184804172143,6.8997928359809775,30.327255804676984,60.48332142204198
10174,16.608940831431973,6.955983995108371,49.54587088609365,41.2128288852686
10176,16.682368826663488,6.842547771979846,49.90124349737113,40.574317745569864
10177,16.648131433708468,6.775457258487117,49.226928328558806,40.82019223046237
10180,16.511847069183545,6.854052275230559,48.287360564561034,42.000487984935035
10182,16.740702034449036,6.320409984740384,50.90032760611846,37.492045534893585
10198,14.439545448068726,7.345024135404759,38.675400291120816,53.180494905385736
10199,17.255015246375176,6.978009104834876,53.96834852365918,37.61640952324219
10200,12.835381860010695,7.2551693767337655,30.705105474787075,61.61895267851767
10201,15.96091362617611,7.271203074177522,47.10770734886752,44.60681114551084
10202,13.554783199322024,7.495486091324255,34.06697549887004,58.621123857619075
10203,16.816461246696754,6.613476178659371,51.28312357283203,38.8368912962668
10204,14.773620587426736,7.063339931095164,39.064742465316534,51.70294477223196
10205,11.460771673753396,6.661885517123446,23.204572590987485,69.34838367310839
10206,10.135279219371279,6.35860053255743,17.561838635377374,76.29936241946791
10207,11.398467696793144,6.609717489627148,22.66790323827189,69.79121813343933
10208,9.5083887110844,5.540518397147767,11.98892866813081,82.24374981196787
1021,16.768166667788126,6.371574414362165,48.87055947488474,39.484701783428456
10215,15.469642928306365,7.149003674699672,44.25972525885896,46.58636194876449
10219,14.159470139467928,7.299826494926001,37.30760536752769,54.16640979799848
1022,17.785342074809307,6.216517953568088,57.62111103894296,31.784398689838827
1023,18.99003740656411,5.843677724238772,65.29266204378875,25.025639095622065
1024,18.306329050620622,5.930140475372776,60.60673656033906,28.844151981559968
10243,16.61479838222724,6.204487986259525,49.0093146358226,38.12274262652258
10244,15.573482930619056,6.621991499145782,44.1185238180409,43.49698920884755
10245,16.660158168910755,6.21359143293766,49.22347603536529,37.88389948813401
10247,15.610816611731286,6.620014985558957,44.66136237159144,43.10617113119858
10249,16.127140447483114,6.232782614562541,46.033884603725284,40.42406278419617
1025,17.539724459759974,6.329623547295489,56.10260229970672,33.80103347143988
10251,12.19342420109195,7.591853837120826,29.21943923818178,65.12087995304897
10252,12.014998989122342,7.601975957922707,27.505075951270868,67.00443675740712
10255,11.944625666331065,7.217732219092229,25.821904506487382,67.93393321187796
10257,15.261276271063915,7.283459963300418,40.810593333992124,51.13147084150938
10259,12.66754704547033,7.621098926867861,30.47989294304977,63.81830809364095
1026,18.560008061839824,5.710466545202414,62.04045488441462,26.71047725577927
10260,13.68296159355279,7.210209424852269,33.742477507001134,58.04938670934023
10262,14.737633827069295,7.445888735901559,39.184989446743444,53.038839307972275
10263,16.762853876391823,7.06936616111929,49.47879639226032,41.67658823630181
10265,15.094951592259807,7.165754661934332,40.848374016061065,50.50488987834937
10267,16.278251047821506,7.473103597825656,49.05572049819521,43.07589962179543
10268,16.947557502170863,6.974486064361637,51.43889840789424,39.66131795840264
10269,18.618766584638188,6.782378090886881,61.97382724883379,30.331218780531437
1027,14.684621790147476,6.65191354249966,35.71648844400364,52.54415282419716
10276,13.226200856416796,6.967355568363664,30.53115080869688,61.6602931458471
10277,13.562413305971011,7.038953334603819,32.624669111973695,59.366356848640244
10279,13.95004121495471,7.007195208401978,36.28633948108784,54.89632176721892
10281,13.039794597019968,6.873191778395805,31.380208333333332,59.961458333333326
10282,14.266275354075296,6.78883050102728,37.71750078143993,51.44653214322926
10285,13.988213033139052,7.037592056819352,35.448142278570174,56.55044902271526
10288,14.55143130455796,6.819244071443073,36.373919791652966,53.612532389808884
10291,12.23991858354612,6.7313871747832,25.205764889737804,66.19204723042195
10292,11.196085184116274,6.44088115169859,20.106946920067596,72.5282992661867
10303,17.639862791483523,6.578672763877197,55.705356850682286,34.47756798324553
10306,14.290877834508615,7.349605111598098,37.14386938679106,55.49732809778276
1031,12.159427755791588,6.8471266163267215,25.786200887198984,66.42110266159695
10311,16.36252990127767,6.5798127993556585,48.243310383987506,40.93619135495777
10312,16.44374051243284,6.4515438335613835,47.69274659439412,41.178708128283766
10315,16.726167123467878,6.394395826907944,49.858656770407684,38.9772377111775
10316,15.988762693849683,6.600565772471884,45.11483244268118,43.4584142279247
10318,17.51502975926788,6.3174811659764325,56.857413847613024,31.999156918537253
10323,14.300976712545795,7.3644310807549545,38.09248740412695,53.307018388370075
10324,16.415939333751,7.021108094766281,49.37507930465677,41.392272554244386
10330,14.988866887783624,7.180442854189559,40.85320445599477,49.573701727989786
10334,15.04288029668427,7.192198155017629,41.34090585499359,48.94243090601319
10337,13.964951408870068,6.836521644638797,33.97373972359679,56.951481576405186
10340,13.44955021808914,7.491581368562618,32.84563067954506,60.363681393000704
10349,13.664865598524933,7.362966182207126,34.314267182357604,58.218223749009056
10350,16.628703726964385,7.26811106904705,50.79432405336624,40.56322459576875
10354,12.336658740047687,6.730009094507123,26.107188854314533,64.94787211040396
10356,12.479140286263867,6.900297779575585,27.032301962469564,64.84744305973356
10357,11.891393205808619,6.844275062656931,23.820006474587245,69.11621884104888
10363,15.932502499926239,6.924610640933216,45.86556851663594,44.425108120681635
10366,15.816322504618421,6.825734046363044,44.01144048746425,45.29419079595565
10370,15.608658582078904,7.674705063591327,46.58131133134795,46.13581994824977
10371,12.761751926750138,6.915852223865166,27.578156719447826,63.76116524563541
10372,15.677073810553608,7.171127649002614,44.890769105204456,46.91079250210844
10376,14.459322984236737,6.556961550833394,35.44301837717329,52.65594277840566
10382,16.943258848077765,6.333240455475006,51.31480849665769,36.71228376107257
10386,15.179741688332191,6.700669950628314,39.50166908460921,49.35983210558192
10388,16.399094146286018,6.658380657496476,48.70299524120556,40.685359708873754
10394,14.609804772637453,7.001183786676964,37.9853877220269,52.289213315732376
10396,15.404925322074012,6.993497048595532,42.538817953524564,47.54241384595433
10401,17.100877262102514,6.741607598807567,50.821443102263,39.49380585602648
10405,17.750411787633272,7.098412648140624,57.608310707118406,34.782394837288
10417,16.04529575370785,6.708378448723597,45.71745588603744,43.339060095207415
10422,15.157395232043038,7.147819554899445,42.48855925516806,48.31544895060754
10430,14.144116909645104,6.907508988530481,35.487496213194696,55.35771873076059
10437,13.822009719005766,7.7908203107488845,37.746944423091705,55.78445691444385
10447,17.166144817082625,6.408329420274396,52.7909938485198,35.71342752787389
10455,15.193305177796008,7.049416267102674,41.83121500983507,48.75737630503858
10456,14.4566812091513,6.6278879220159945,36.51034407367932,52.22459074635839
10464,15.173734673058872,6.468762152155021,39.09587926535229,48.69075141640951
10477,12.006833388564058,7.140815822046953,26.391859227501964,66.9266196496603
10478,12.384127504799148,7.212660206488978,28.450958332066367,65.01049046735791
10483,11.763026987458732,6.861127049415294,23.738751622626562,69.9104530153352
10490,14.56204842160947,7.091741838034533,38.34056761268781,52.97161936560934
10491,17.111093314829866,6.933676032452029,52.201579637386885,39.04006651104787
10493,16.34680430383393,7.00078400592813,47.977569101104955,43.00029863622789
10495,15.86069975831351,6.9444288903060745,44.21712166741257,46.3887645717452
10498,15.261154518443536,6.902860743065519,40.70858196404769,49.65430468526154
10504,16.544746715152563,7.040875937393493,49.534271142745055,41.6208036765118
10507,15.40618578594465,6.954364240116329,41.412264083071534,49.06832298136646
10515,11.173925648898349,6.411750204600357,20.76053442959918,71.11045857191797
10522,13.640602043147322,6.789595401405374,33.12495985956198,56.13881098670549
10524,14.491385349920305,6.388749318018552,35.6752603722042,52.322007853850096
10532,13.54908032179703,6.608577115799288,30.13945236573307,60.22281070221898
10535,14.961323087202462,6.7560206092614505,39.832579738482224,50.04888182818037
10538,16.14234350613997,6.574189530146014,46.54397723443292,42.833339573894484
10541,13.54043317419735,6.617786473725197,30.112232653349334,60.12917343121338
10580,15.140583867845413,7.208257408421548,42.176514410765,49.30623457652372
10584,13.239782788149189,6.559353841893424,28.496735392976262,61.1994694208703
10587,14.987736942079964,6.702822454863769,40.46808083206253,47.93034489685968
10588,9.104546296926628,5.933922956788862,13.736044841802936,81.28688562560801
10589,13.413555118838012,6.448368013669243,28.655152338443624,61.434116048903554
10593,13.412981556500139,6.587099891722027,29.58732212160414,60.02716688227684
10594,11.585467153553214,6.461481590045762,21.663042352697527,70.35311173242208
10604,14.255826246135946,7.0550542228985025,36.46210077118855,53.10867443596074
10605,14.458294233368525,6.624794182435008,36.38249665602053,52.63287200065515
10608,15.187974669017102,6.702442279080809,40.50021047742086,48.45190228041399
10609,14.411582020839408,6.656520579302728,36.35539437896645,52.77754883375917
10611,12.368973319222597,6.774794283807464,26.13984407629124,66.41027425866629
10612,15.486206175431684,6.437998088278755,40.95396706179451,46.79706974060891
10614,15.519764671546776,6.962572117615769,44.097481131217606,46.19805401473129
10618,15.15258854066911,6.852977469026115,39.49485946699138,49.62779779314847
10628,12.165704162738859,6.667138340215383,24.77046738038319,65.69829886013235
10633,17.103252053019187,7.046100627410634,53.60159908956944,37.437079618903105
10634,18.37992833914705,6.22837118629069,61.38302828618969,28.60698835274542
10637,16.524775619143497,7.138794194738239,50.69434465099874,40.5868290070153
10649,13.906939130910265,7.141761350769206,34.77691677025204,56.76258231731507
10650,14.910581694671237,7.140514119714268,40.12142237640936,50.58376142504504
10651,14.99854155460965,6.358955430434899,38.33193789568002,49.93022811733427
10653,13.94885989724432,7.140590655938859,35.45413350703787,55.92483502789657
10655,14.736388879820261,7.23967671664623,41.247513100008405,50.914898982822876
10678,13.688071037124294,6.904974806487226,34.15244680719234,56.58450747859276
10682,10.200950387758782,6.012929715610033,15.954535887181645,77.5073668701326
10691,14.847362062257913,6.677571120299947,38.32081810618108,49.99842023780687
10692,13.685880027473692,6.908678982945443,32.36852746504352,59.38770298167578
10696,11.439367254093703,6.9119218816133445,22.168679882541493,71.8734201723155
10700,13.087127249692687,6.940904424090022,29.78596347864349,61.83067752040314
10701,17.3657217837177,6.332651605596856,53.405151526447234,34.754165579453534
10702,16.872994893628086,6.71058382983335,50.75310323947926,38.91916439600363
10705,15.929408310644003,7.042722229964881,47.4095854160541,43.71263353915515
10706,16.28295846399136,6.382962436678165,47.05365339166781,40.24102033242837
10707,16.027021549887245,6.655748191249916,46.461091211130146,41.87509733686341
10708,14.391126823219848,6.918880736060731,37.05085810348968,52.69808427703164
10709,16.10028791230126,7.0671160377326165,47.56294295709547,43.19092243832587
10712,14.711835969953244,6.566515212975013,37.61230450696935,51.339335231264094
10714,14.42968917413749,6.825990952482319,37.07848541462422,52.355672296109944
10715,12.636989540665901,6.988249902414355,29.37905139740002,62.52169600793454
10721,13.746848854619925,7.085401623625563,34.23077893568166,56.718225631450125
10722,14.691157439441271,7.006218050962928,38.28707520381057,51.89246129889163
10724,14.314281951306423,6.858714844967569,36.72483810778181,53.27186916913621
10726,13.68552162608074,7.050936430953111,32.30692263171835,58.66824928144712
10733,14.45681438241913,7.242954872643684,37.975284365411675,53.6556423861267
10737,14.084001902797244,6.928995902807718,34.35522151898734,56.924940664556964
10739,13.276995882525387,6.7399871959487525,30.049395798793306,60.718375578990546
10742,16.453000119900686,6.640398261197466,47.16753941362605,42.39450029402705
10765,15.083534834213461,6.93244060602551,40.60921913480435,50.25373765516555
10769,16.302369752173117,7.2321555881624375,48.08196088784193,43.57776739841196
10772,14.005067861796562,7.203519683149093,35.372058873749275,55.81167685460279
10773,16.253420046676723,7.253716267321712,48.13118986626863,43.70776771486778
10776,13.431539878303381,6.900938224539821,31.388245446700274,58.80228914020984
10782,16.934810220218008,7.198151316405265,52.43640417553461,39.86013986013986
10786,17.247835644833415,6.871120791537979,53.52724692945506,37.453997250920054
10790,15.495818200588683,7.243408078298483,42.87180763368277,48.61884468224096
10791,15.19113246726615,7.09037833462171,40.00605489773951,51.1823869752422
10793,14.193727928136997,6.651764924268156,34.73012930844256,55.48347235094223
10794,15.250611291685525,7.061487292048026,40.19906967438603,50.85946748028477
10797,14.600540493449286,6.904255766765573,37.49765610350647,53.70335645977874
10798,16.283422243981843,6.971159823232533,46.57763637124796,43.98347776335803
10799,14.324565059610167,7.174280111353352,35.667067803036545,56.13656220635993
108,16.93746236121908,6.731677068948841,51.102618939101774,38.987250055510756
10801,14.204150223775136,6.545624044953426,34.15466092186168,55.437368161213584
10803,17.735801383891857,6.740643244335757,56.393116650977824,34.19040265687965
10806,15.911317339911832,6.450633026061648,44.223710828195216,43.512652477802135
10821,18.969842085586556,6.225426446476359,65.04292106074334,26.08330141887032
10822,18.290142470517054,6.747787577646928,61.56170469158895,30.87437836671193
10823,18.59864151202137,6.6792625204036815,62.02260600954788,30.222374333052514
10830,15.919592984039246,7.432540711471809,46.843130995783,45.32517934846525
10834,12.864753395777278,6.722653281201525,27.408257934138614,64.2116382675791
10836,17.534533928538174,7.372144153856433,55.31718048088487,37.54356027508506
10841,15.953435284098155,7.409111607443888,46.89360713352116,45.28740306137268
10845,15.962686159464994,7.422748254640655,47.023557080618424,45.11990592589737
10849,12.932745208652658,6.9092618502130305,29.008280628545347,63.0827410836539
10851,17.597085552113132,7.410694334758553,55.84374032407885,37.2143668077201
10853,12.538067891577407,7.137025902281504,28.393918821617397,64.61663477956758
10855,17.60894054776077,7.377253280586586,55.87060794528722,37.02407454157391
10865,13.019010587413387,7.023224466690896,30.429911491806116,61.673609484330285
10867,16.99377302251905,7.517600910197775,51.309454169104086,41.21968231111911
10869,12.823712299608223,7.1105166692331165,29.659418738595473,62.87042417199302
10871,17.04483511035586,7.4961330035798275,51.63406940063091,40.8041296243189
10874,17.582612806895927,7.114592199975084,55.69053424961206,36.40730067243035
10882,16.010424315757756,7.223742203714579,46.35351933599051,45.71779596851383
10884,17.842450171678994,6.927970665445067,57.68172735058261,34.16681805205927
10889,17.20471328728223,7.1031187097622155,54.71779120842828,36.69980294373438
10890,16.740407344916868,7.15933134973874,51.234303870948025,40.32721273410528
10893,16.43087883632883,7.069831649988744,49.10469848316686,42.489826119126896
10895,16.06674997055695,5.943531138889471,42.22567666422823,43.39155084125823
10896,13.152657116329538,7.075964859444442,30.49871397231258,61.37472577350783
10905,17.529651651749937,7.067784454323014,55.923142175139574,36.079382927935924
10927,12.117124821403301,7.491608690887784,28.375690607734803,65.01773771445187
10929,11.838316444576213,7.194095756225866,25.23817698051669,68.1132520813664
10930,18.15496484283328,7.180885337671825,59.773480046147554,33.24980461723586
10931,13.943244401231468,7.155325124668905,34.72511130978198,57.15524948439008
10933,17.26426846693052,7.011444670157124,53.61852192578963,38.01077123581724
10941,13.797081451680816,6.703011786166101,32.99829448550312,56.577600909607725
10945,12.028031529885945,6.24176956079827,22.053062817011316,67.38899726882559
10946,13.16093811838036,7.144368967785933,30.839698920526747,60.94415506430756
10947,9.596646751482341,5.591321606578455,12.431644185198687,81.65633734354113
10949,15.72717645545752,6.994824798229434,44.76615897960282,46.20311070448307
10956,15.062874987589174,7.037730661822836,39.72784221516433,51.28270367965748
10957,14.78261039492865,6.7595244671540256,37.57034162283613,51.76122146759945
10959,13.981343988135341,6.9133543687405306,35.45974932041898,54.517706216890716
10961,18.230236275247435,6.730561013811703,60.017300308029874,30.780834634372756
10967,15.08035076104886,6.721229868322934,39.473441487235725,49.137604148518605
10970,17.139630942805983,7.003406538889831,53.53932047594281,37.58823092354559
10972,14.528830958022006,6.5304654019909885,35.06872665288507,52.953976716352955
10973,14.964346592979206,6.7394077196690425,38.73521394942421,50.61100460372733
10975,16.640374189179266,6.570272323849487,47.94751824101037,40.60138075450708
10977,15.529039555392355,6.817841900281562,42.09847754433956,46.96181528733828
10978,15.775551079423124,7.001163860255341,44.572807903895814,45.742674301111485
10980,16.373356763281762,7.113613042147527,47.814947840690394,43.827304264682446
10982,14.878322423641336,7.190183537844077,39.439160380452606,52.04472777959987
10985,18.187564174518275,6.648728285327211,59.58336918179472,30.68484900628065
10987,9.394388351342661,5.404393639762673,11.494365989273238,82.0744968754613
10989,17.513182459312755,6.943796292694044,55.62442060654218,36.16607071911005
1099,15.853138858092302,6.551996536953749,44.22482349140915,44.937010659734504
10993,15.81811726377117,7.208875685156272,45.043143516442655,46.250505801681996
10995,14.450695014071211,7.065126809817248,38.0112986674818,53.035809303852645
10997,17.72008044171189,6.551344757054366,56.02647719419489,35.290687629578436
11000,18.855079244599022,5.460719436919303,63.44364337511003,23.3474451942826
11009,13.756539505222554,7.290402096595192,35.63818649850353,55.70075500979173
1101,16.181456401771594,6.994360653669152,46.67924073999759,44.17713391388097
11012,13.755808498659365,7.317899977397959,35.71261466477868,55.775410946253764
11015,14.03027742916998,7.510569278838706,37.3330943632942,54.56582131015324
1102,14.416236621015427,7.574073345885462,39.94643388552723,52.78841384783256
11024,14.223824888563033,6.6282817054287655,35.706097935065145,53.26208043397537
11032,15.549378449297835,7.129498883676033,43.49397447595123,47.17683165266438
11037,14.252403402292979,7.614944807456036,38.286689911238646,54.68954097112941
11038,15.664170357050338,6.988848150913578,43.399000596351975,47.18377922638754
11039,16.077219671927175,6.954160464326451,45.70780399274047,44.48779995966929
1104,16.28875599261906,7.0586491151367365,47.16349640207508,42.958346946744335
11040,15.650043240040988,6.985017742398718,43.14797780181346,47.329849282804496
11041,16.083563997113426,6.968480233083516,45.717323953742806,44.77766076011493
11042,15.682031789826203,7.053053716587391,44.568875546747655,46.793390949494004
11043,17.383909476758774,7.322988392221622,55.023209549071616,37.07034703801945
11051,16.829018912653524,7.1815490478682635,52.13967181347279,39.31530501968871
11057,14.731426855146166,7.701750219699001,40.529793906810035,50.57683691756273
11060,14.472510107416724,7.153742367673504,39.37350013489911,52.11365604987007
1107,17.848729327285717,6.190024002011252,57.248169283142715,31.675687590311284
11071,12.217662504184066,6.887327752406072,26.32551599457641,66.12765530055742
11075,12.529927105732172,7.351926945682475,29.879009969906033,63.54330869858947
11078,15.7760999624984,6.744109167718137,44.548261936812104,45.439068809882016
11079,11.701790075998836,6.755179721196885,23.749249978570816,68.54910140289722
1109,13.069407146906286,8.802167878371142,38.593650754113064,53.499059693871196
11090,11.418236861561075,6.711650141103483,23.331219852805447,69.5514338226442
11093,13.191545648997797,7.067057117980678,31.281346151678747,61.468324185422695
11096,13.716314455181774,6.820787542429266,32.70381093752297,58.380976176129096
1110,17.934289080730554,6.19780911315843,58.91504176023005,29.96720569942327
11100,11.632619133004017,6.926099958321408,24.590949087223354,68.9054477005157
11103,12.101018601590551,5.693648613328667,18.612574399671615,70.78059793391257
11104,11.228416473533025,6.71498856330042,22.288655985964265,69.7550671776167
11108,15.503460507170717,8.398764039904634,49.28365920967647,45.24249897246198
11117,16.04079449315753,6.74152624505569,44.35346440001663,46.09085996924228
11132,12.29573567088372,7.340690841640394,29.238549124471664,63.96532390235487
11133,13.773937284353478,6.882710809006704,33.431773046726285,57.13550723892039
11136,13.331919657195368,6.692699296324464,29.92848580050432,59.64821627878136
11137,13.418180506648856,6.88970645488095,30.549710269620295,60.25562615969897
11156,16.305365986224572,7.458966602890661,48.49230984666371,43.44878287861461
11160,14.964330898911792,6.972948246495252,39.61935371449592,51.013572382814765
11163,15.010240929176236,7.045607418025517,39.3795182088064,51.23507149817572
11164,15.151575485299155,7.266245725328674,42.30283534275346,49.03428199231679
11165,15.36155815176311,7.1833905635505735,43.509885474364786,47.72624233703258
11168,16.02702052081491,6.9800710021471835,46.853552951113926,43.5434484214972
11175,15.12656109925847,7.281063299852885,42.276260978004196,48.98909496139457
11176,15.973390115645238,7.002221013473034,46.70002382654277,43.778624943742884
11190,15.313742507586946,7.144756377619274,42.28194138769837,48.772153364994786
11192,13.741838091461158,6.917036923929834,33.951630163373046,57.14251741932416
11195,15.718387407086999,7.25245277996052,44.875192687346185,46.46401817345917
11198,13.735032702429681,6.278449723842849,29.6374837471364,57.02588075041793
11199,16.77118591917024,6.251629389226253,49.50313511555787,38.11485614686375
11200,13.454790817637551,7.615765623361501,34.36120809854692,58.93340708219541
11209,15.012972083544886,6.810172814802956,41.057985415228124,48.44805227613386
1121,11.523748308199831,6.643574833144374,21.87618975100891,70.67387497144597
11210,16.464325745657632,6.821379865494,48.964188931938814,41.483953326913166
11215,14.47491109519378,7.166543454009979,37.318384489594244,53.741720685638995
11216,12.077950487912206,6.262355072024889,22.197694017272497,67.49548797040705
11218,15.430479332565799,6.554085620785019,41.45987363892996,47.75104180669445
11224,14.867403103344198,6.446331924323793,37.98106078275878,50.8280076503242
11225,14.700763437514969,7.245552895712319,39.85927692544999,51.34019150678105
11226,19.370538941900822,6.318640543099905,67.25028249274024,25.073205107954756
11227,17.20803323638254,7.016889562093295,53.33474201851781,37.57347573859926
11229,15.69139346156247,6.55347761133501,43.029463210740325,44.67413280025443
11240,18.276616191252792,6.676006827057233,60.02912559211369,31.56446037639227
11243,15.184018141415551,6.478532190924753,39.63177949503223,50.97752929026744
11244,18.780846388798885,6.5964847076363995,62.900227225779794,28.824623011774424
11249,17.23105553516414,6.608762214382742,53.89112362563691,36.32072941807455
11253,14.585247817663623,7.0895095061786835,37.9463680077177,53.336549042070516
11255,17.632713346486366,6.418184169240396,56.10969069593415,33.8036293339985
11258,13.432129988354552,7.297358087933274,32.51633700660488,60.48283957322308
11269,12.693313395185786,7.191040649605219,29.487357118115693,63.206327213947574
11271,16.841214224542274,6.72708647243072,51.393163275844266,39.25849426830528
11272,16.73123042053235,7.601858009900891,50.54557818923681,42.21404799439482
11283,14.052680963990849,6.606392473112662,34.233720841881315,54.61970974849935
11286,13.801163415253392,6.657431583656027,31.518727093948335,59.114150353088405
11395,17.519352205767714,6.740376226431645,55.23695917342326,35.66675037669513
11396,15.004706896660707,6.931249883959406,40.103136609799826,50.03419403729923
11399,14.5010897673161,7.328285386194445,40.69554391487162,49.742782645462874
114,15.052912884289514,7.108277171349048,40.50086792389234,50.60249085730657
11400,14.782114721956653,6.994731471070865,38.36016300106933,52.57940521950233
11404,16.45121908439887,6.7308417892760275,47.88924314384368,42.00743494423792
11407,15.811891039166554,6.9487405592623075,43.822667418853285,46.69565337039228
11414,16.001377500027925,6.891196307427364,45.713421321332675,44.63815250412838
11417,15.262052649852187,7.367714109102583,43.43378629092915,48.62232362232362
11418,16.882116628028456,6.785235575822768,50.89903007641442,39.612532466717695
11421,14.206982171950456,6.945585255465596,35.24614129849345,55.5391410061093
11424,12.933620318386955,6.751579814163597,27.901591895803186,63.118668596237335
11427,11.77440312238162,7.027759755675017,25.35768291264395,67.07625281546416
11430,11.34748538403005,6.872539418090105,23.205049820711533,69.52922319348282
11434,13.534151298046194,7.464709653312015,34.14345121188514,58.54902950438341
11437,13.565580351059856,7.314589440162419,33.75960234975147,58.845458653411654
11438,16.44182832144679,6.552510952613827,46.05178686068906,41.92167772309009
11439,17.475995119804793,6.840505721205941,54.8744019138756,36.578947368421055
11443,15.336338028244075,7.718506457729686,44.65935106970869,48.85608273466488
11449,18.206621420331707,6.724059998276245,59.77694575001992,32.145303911415596
11454,17.423040376813884,7.436331732474865,56.62890647236295,36.84180565833665
11456,16.892382918596773,7.545366843086686,54.37350234661903,39.24170884909326
11460,18.19221400486616,6.710414463688313,59.4212981263341,32.45157719977863
11463,18.341294845743274,6.702645131740213,60.74468549478371,31.365402243659695
11466,16.3231242279583,6.824347780800597,49.5577791271748,40.82688702906777
11470,16.63488978645107,7.032905697696924,50.28984253331026,40.954317355943935
11471,16.921424339601167,7.095355217061063,52.647290441917114,38.77808911598264
11474,15.500875678527944,7.500792837632935,44.51121629965014,48.32475818069562
11479,12.787645296427886,6.645400541157719,27.011151783434066,63.89716523367668
11480,14.029536872038438,7.02087001206725,35.55026455026455,55.1031746031746
11485,17.018350933823317,7.034087239579403,52.617410671056454,38.70824053452116
11489,15.27211960864249,7.146508026105273,41.56902985074627,49.24626865671642
11497,13.231547704298617,7.084369484145537,30.793007015879763,61.17225701996827
11498,12.27605947755669,6.961220053075743,27.053935012050196,65.1741045458323
11501,13.898361732614736,6.584314234884702,32.021684134441635,57.64221178171305
11509,14.444455770886554,6.666844967340135,35.366946104581984,54.94631850574252
11510,13.794240606718297,6.753371234848659,32.352899465346816,58.2488335484237
11511,15.216104626633953,6.829287104177892,39.569356238548544,50.86307842786098
11512,13.586983468354017,6.671940833254679,31.30119548372814,59.64965685189285
11513,13.970028106618132,6.4984587045986935,30.87026434035135,59.363118584975126
11514,14.00599535802978,6.861634398236373,33.70938208000993,57.015610936966574
11515,13.641228073237242,6.382710369236228,28.868805096673828,61.20700298787565
11516,12.961301541786188,6.930110436607638,28.537584013596685,63.34045785800736
11523,15.408312927646081,6.631750850728183,41.38212232096184,48.338734971249345
11526,14.8353505382868,7.164797575374214,39.63596848682423,52.07823960880196
11574,14.059479693118675,6.876919991676593,34.43688821427291,56.21914926675352
11575,13.933426352535806,6.780597443474357,33.33132971881273,57.31459553033673
11580,21.083792926177647,5.601482499402823,77.95406089679526,16.226097674728496
11581,21.461501576717374,5.485052630290602,80.01201913182354,14.446008578037917
11604,17.690895144430915,6.896216594100846,56.709932950980125,34.54991172946224
11605,18.677715401012374,6.488845645948716,62.93637060953638,27.9651795429815
11613,19.718169861817778,6.618979512644356,69.82801155987876,24.13477126947205
11614,19.584068395524312,6.575290971650873,68.6510212950891,24.60756192959583
11621,18.370696032090763,6.104477545212522,62.071547528369855,28.03805884403362
11622,16.72171646514039,6.585618317080355,48.39388277627846,39.39381357691509
11639,13.687955414167638,6.457529317050485,31.07917946685165,58.396591021702505
11645,15.661665029965487,6.970015017804705,43.83214676889376,45.566356334428626
11647,13.788964746142376,6.551289510646468,31.81516158260344,57.4388402295379
11650,13.52897030881182,6.650547856851815,30.854541060958702,59.18831953400231
11669,15.949469988942655,6.331485008940981,44.87567957819662,43.0992047431003
11670,16.24365257752782,6.065700325961707,47.32098913958855,39.21341310030295
11672,16.04491026349891,6.2892459255974025,47.29082314035571,40.52742034638459
11675,17.058497182680977,6.149276027612041,52.996088193456615,34.920776039197094
11676,15.460248245739548,6.861741215756332,43.308352144469524,47.071783295711064
11679,16.882536230938257,6.76472159855991,50.78434687858122,39.499145202802985
11681,12.714010680155635,6.4241438773825905,25.334003013561023,65.77348066298343
11688,14.288465243454208,6.848512835651558,36.58582988762335,54.37584028817128
11691,15.06017607181534,7.344485116096303,42.010671905280205,50.135389843107056
11693,19.050317233129896,6.619008210718759,65.13602941176471,27.69669117647059
11695,17.630465190269256,7.033308669141098,56.840353494777915,35.072114464975705
11697,16.597858264348552,6.3015249356493825,49.89896974081373,37.43732382069
11701,18.12652055039159,6.368609769155283,60.13151333831962,30.68125155821491
11702,15.979568410642003,7.2718020933145695,47.78941353308737,44.376948781972445
11705,15.897861967408938,7.275680733229539,47.48102396189909,44.56764399464206
11713,15.932089961916652,7.316906202494209,47.76339973175699,44.41532959117779
11717,16.8178522644158,6.328916187714988,51.08543417366946,36.252000800320126
11728,14.575417497926846,6.972861521209079,37.44976424796684,53.389924369481975
11729,14.777075217711994,7.055689236427577,38.65951828183465,52.21432389523149
11731,12.706808042702832,7.237230881828143,28.81659572106886,64.74756842881263
11732,12.485151891528723,6.530225309772719,25.1847564070033,66.27442273534636
11736,9.591823207745716,6.545324180525598,15.916419450535276,78.26217808160281
11737,10.490546565898258,6.669432077363357,18.30869077245889,75.44039428097399
11738,10.660666533924747,6.792895697676174,19.406087602078692,74.64488987874289
11739,9.657007822891826,6.6893732927141265,16.204160411752092,78.40446064765173
11740,9.194954355798822,6.25579323807448,13.732881015202917,81.09058927000879
11780,13.41894590847042,6.988840010442168,31.281183321835947,60.629201225675
11781,13.441383753084578,6.655558807391457,30.710723583100712,60.26487469811498
11783,12.640799971392768,7.033827460639316,28.128719974142484,65.02849845091407
11784,12.88019470738572,6.819860019051764,28.13612516394978,64.09655861595154
11786,14.283656679505913,6.932491813496617,35.44084021973226,55.73002153679756
11787,11.924539166946195,6.899106820601972,25.256583136682025,67.63681312507023
11808,16.55434989489419,6.919060248798454,50.03223726627982,40.58258526343633
11811,16.811321024940394,6.554747138181589,50.91118468403627,38.8988052396718
11812,16.8061774645632,6.577642987832296,51.238772942248445,38.62107866533605
11814,16.57604200642219,6.5038514715550075,48.39013220833399,40.330599250348946
11816,17.822573510098422,6.507328919212294,57.748948483772764,33.10958358881682
11817,14.799825642334545,6.48079334916225,36.88740063841773,51.699317769293366
11818,17.35864799736235,6.437277631678399,54.59115122583501,34.835527875693536
11819,16.853736218735627,6.416236015181136,50.452991037422414,38.3024586311405
11824,15.664517679315953,6.666528534881516,43.44119327579467,44.856103208733046
11825,16.60701217050066,6.308328140942814,47.925855006042724,39.86627532842591
11826,16.615830029481902,6.317820366099222,47.75126448653493,39.808922034722116
11828,17.741761872955248,6.507201804893985,57.21436799664886,33.531259817781965
11829,17.70708278511336,6.496390584764614,57.02596178562248,33.64321823322766
1183,15.755528628443482,7.116171131788098,44.12938399280576,45.3265512589928
1184,12.426591639482206,6.920685619122455,27.918945944356217,64.20798776542557
11859,13.944051479859201,6.443627160668894,33.396261643466175,55.600273841877055
11868,12.291269887495528,7.383186763188904,28.855335583736274,64.23531916187696
11888,13.351845052100673,6.959785848936406,31.687898089171973,59.84968152866242
11904,15.473135638818043,6.517124724383931,40.76017546782165,47.678938308623465
11906,14.427811482293595,6.420410580439057,34.108088144774094,53.35959620829742
11908,15.489815608149028,6.6805020579808305,41.54789382573572,45.10530871321408
11909,15.238893550725555,6.759896970292826,41.53761712471086,48.20637472066491
11912,17.913659411777306,6.937654975342837,57.33956651083722,33.9764839212353
11913,14.953966139772126,6.630319056230807,35.7221947998239,52.62610226924052
11914,18.792239441175017,6.354315508012646,61.33916236113477,28.47801813054751
11916,12.395404632563226,7.263909297264525,27.85385172913647,66.51221785048665
11931,16.544381597048417,7.00580667621498,49.696230573861286,41.49613435223827
11943,14.881880962108767,7.526606352806607,41.96479983977168,50.723531031720206
11960,15.986210249483268,6.749309551423484,45.61296440609537,44.028092050287775
11962,16.477146565210287,7.235498766473788,49.70477777011109,41.714556082366514
11964,15.756982439616245,7.654428270853688,47.28805922111361,45.14065014483425
11966,16.11616509662804,7.432840329088327,48.344298026355254,43.389189945809754
11967,18.72983679471879,7.0163553407375066,62.67606963483252,30.613458706242213
11972,13.97585958069716,6.958573911751128,33.49003626095048,58.07207265025832
11973,16.129820071829887,6.65669267734757,46.231778015421845,43.21072775370068
11974,15.49974473181107,7.160603315401058,43.106284436636585,48.215283877665094
11975,18.644098602757058,6.844981490668183,63.05272696555008,29.717857746240917
11977,13.833185593357186,7.08089435931601,33.41825361441946,58.48565908753158
11988,16.85381305465137,6.810143552909842,51.00258896390679,39.3654500228438
11993,15.391518458672667,6.566909013944323,40.66473596090321,48.70582379293181
11994,12.739513194024791,6.329980150057748,26.581613800346176,62.53136000311169
11995,16.782553984298964,6.948097712202842,50.842179138520926,40.23598561277305
11997,15.20321915761744,7.082220528311963,42.14525434594065,49.00071646743844
11998,16.419063538451226,7.000436709398939,48.02531242175229,43.195010357150984
11999,15.748194954108849,7.174868738347127,44.36698846568369,47.22190373546745
1200,15.038760710219067,7.3223516324493865,40.6332360692771,50.96362010542169
12000,16.240308524814456,6.127194941369825,40.80052982325427,42.34032865598742
12001,15.119324472276228,6.612040348530133,38.996121981315,49.88762559492332
12002,15.569641094822147,6.616798315010199,41.90706174128704,46.94774398468433
12005,18.408906638609313,6.3457160672674755,61.748955563995445,29.234713254842386
1201,14.338743883211881,7.139929895141434,37.44677308085734,54.409210933225495
12347,15.79767590686699,6.678363806357688,43.72105091195633,45.60069958294094
12354,16.613099170879135,6.744823438704948,49.67269824374667,39.86961149547631
12355,16.092495195813008,7.026501583144225,47.16555129621207,42.66454421415113
124,15.602954129135178,6.833319515046571,42.01136568895805,47.26209167581387
1243,11.903974031419978,6.656655559424395,23.785044755953386,67.6775460226313
1246,13.85872312962893,6.544815521385677,32.81695544426126,56.18979479681878
125,15.635501535550928,6.493840821902089,41.1446249033256,47.36363222783313
1259,15.404785318018638,6.424460449951143,40.988071360709384,46.02237939406735
1260,16.288770858145337,6.988376600720576,49.99702670023191,40.63410573053975
1261,16.525919063615813,7.155138946971025,49.76180613090306,41.32260885574887
12815,14.41130586898784,7.161539539556881,37.709375679791165,53.387172793851065
12871,16.38085291454411,6.9132889297920155,49.30558298118821,41.72689335597594
12880,17.705419710944486,6.449720323819134,57.00468879286568,32.87763169991726
12881,16.94953534137853,6.5183599495544176,49.96659540352753,36.74505611972207
12882,17.986800278140635,6.549856982289129,59.48521158012896,31.662620408802567
12888,12.106249321743174,6.520591032138419,23.739808367553415,66.47860501100993
12890,11.43465374980831,6.7826056768855905,22.90077187346629,70.07094097175747
12894,11.659570703253571,6.74541709990883,23.971263070789135,68.3359662980516
1290,11.334227841692455,7.05443221783206,24.11781050291748,70.04470938897168
1291,10.316043535267944,6.914819918302029,20.486189152422074,74.22960903767671
12915,16.042810141018865,6.9378071181640975,45.92075758789141,45.075878914070636
12945,16.275998807882655,7.151872264936947,48.34947532512521,42.32762229182604
12948,11.313284319450599,5.598733279404769,15.21838428704185,74.65387704956764
12949,6.829589205771002,3.9991922768020647,4.520135732121135,93.34384403610987
12952,16.992391528601388,7.089254185327342,53.286020626978456,38.17114265291535
12955,13.604773701393396,6.527426252587264,31.289549981091643,57.86209504601033
12959,10.835260255351525,6.120966438600548,17.186012402542264,74.83338908473355
12962,11.070184867202077,6.8000949172531175,20.69208646442156,72.30726412468688
12963,10.631518000430923,6.235656319737332,16.612633486868535,76.05785131688357
12964,14.002395843504706,7.005890396701408,34.5135572767871,56.46200971544674
12969,15.264537340423157,6.779377485732654,39.78122631873744,49.818237729673925
12974,12.319128086297297,6.87930674409217,25.79699413636455,65.99791870959996
12975,11.608114762755221,6.728503790607046,22.022148955955704,69.35591437239928
12976,15.77921249176625,6.808102468257316,43.43650277287232,45.99146967396805
12982,14.806905769008925,7.117017951430286,40.029983223672474,50.60144918914416
12983,14.773705062511898,7.080621241740689,38.82281726249822,50.80235484024118
12985,13.656918209457451,6.824745377394411,31.04191779426495,59.993888049438894
12986,11.324696946477827,6.839446211460743,22.12009623410419,70.97756174203369
12998,12.187104913546266,6.998194056214125,25.859315325324626,65.85951372424535
12999,11.439251216086955,6.6424383036353225,21.09201384005176,70.82243288606337
13000,15.87388065437537,6.75127302808728,43.7668522784797,45.43425932621879
13006,14.898936584603707,7.092309924244664,40.215422856128306,49.865656625436465
13008,14.778471175036808,7.076322264123766,38.82591717802333,50.79463045826261
13010,13.67509592739044,6.831459520039645,31.121506415145504,59.92440806088032
13024,11.179515824598951,6.493026731777647,20.739790981227017,72.58322043739113
13031,13.536841104838466,6.748749299316203,30.159601727798517,61.32586572955561
13039,10.585404308234267,6.200780319236678,16.357505782252897,76.36103551092822
13040,13.528822480015423,7.147123768905664,32.52326837044274,58.42135033681287
13045,15.36022232757337,6.755645056277037,40.08125171561899,48.42602250892122
13052,14.073328218899844,6.815305155697083,32.80206883951034,57.247262863487514
13058,13.555386199096908,6.920561209444902,30.715338715338714,61.121797121797115
13067,15.31501296159004,6.903763120724866,41.79313130057938,48.81094766927104
13068,15.619058536990456,7.193022662691361,45.66109956979046,46.13629300050709
13076,17.359799448857185,6.642328440067358,55.37573246903775,35.41179248320419
13082,12.831593046841439,6.4900074100849325,25.752051048313586,64.85870556061987
13089,16.899274030266955,6.828742858588872,52.467850960349516,38.468592861264526
13092,14.279063330233141,7.5979966622158965,37.80982198406486,55.990727918598346
13097,12.049117558673672,6.400367351012387,21.959407644723164,70.06356401560983
13117,13.75396398301597,7.190462032644919,34.80431995087681,56.24153437720106
13132,14.243680171780158,6.5607782018329415,35.223479228486646,54.80573071216617
13143,16.147929977605383,6.354181989557715,44.74740829798335,41.77574121543452
13144,14.790838589699236,6.46418066022742,37.81565509361811,51.71963532072657
13162,17.019069503984678,6.793030550136198,52.90549638062736,37.40151707037447
132,11.523561785756986,6.36487815065576,21.03471105646458,71.88550596287284
13203,14.806719420740173,6.882974005138976,37.20342369636535,53.21041234909807
13204,15.140055448008939,7.3639102911115675,41.44693554881223,50.51802531695293
1321,13.816774044284374,7.217308078091533,34.41197913745724,56.87286186977736
13214,14.332062967355323,6.438183215561541,32.86097636494995,55.96449582000207
1322,13.464414074747568,6.9759140379584075,31.564252742343772,59.152727453218844
1323,15.219186014402915,7.457038177507799,43.62300327903393,48.542871064171614
13240,17.674547011811455,6.3673956828272535,56.01869555980454,32.916932228595705
13244,17.15894916571721,6.228328880845646,51.28677344232688,36.70809372178128
13255,15.016209355722914,6.9979713551544265,40.9336661658405,49.51435635950643
13257,12.273476972030283,6.443898413029468,23.697611143006913,69.2019670003245
1326,13.536729015988186,6.982367904865285,32.68405678031859,59.20968551736729
1327,12.073349987487656,7.700675664422631,29.827651557378875,64.78785311364294
13273,15.698104843333612,6.587445492141672,43.82960369411884,44.44994164510073
13275,11.704142807344468,6.4561011044360095,21.784942209814968,71.36023967181303
1328,14.072610951145547,7.512131195975574,38.51927501814916,54.07217826777079
13280,10.753626217173757,5.816885985307966,15.854188810513092,74.80070538216252
13281,11.5356546457195,6.203029386967292,20.340808462771943,72.01732762128138
13288,15.37698527465847,6.758395594821728,42.365530649208225,47.58478589588076
13294,14.61783033743954,6.999988467186568,36.53889662891913,54.026601888567384
13297,20.47815936198966,6.076029780104517,76.88652223726695,18.379595875429644
13298,16.476715452614222,6.756755277831392,48.073022312373226,40.97363083164301
13299,16.591057016708042,6.780769781004861,49.45543950908278,40.0028447189824
133,11.800212491845178,6.838416323966698,23.869087376282714,69.83043900661849
1330,13.087301316079564,7.4723358345054605,32.51302578322413,60.60063954918491
13300,14.291049773155926,6.732181355473818,34.52640768223483,55.7971409864688
13302,17.509073057343667,6.97941409628893,55.388002117002756,36.46077025150913
1331,14.24579413855386,6.6144671405869,35.719865199633986,54.06744481888991
13312,16.99603448498683,6.952658766308119,51.83784482016247,39.15664379826047
1332,14.975863292211688,6.41824634752255,36.93528162981539,48.01921811568114
13320,17.867741175379482,6.665790847005766,58.383748472459,32.48344220991808
13332,15.82376019737302,6.658435005304711,42.89627266360594,46.97688895805774
13333,15.544630853051,6.9246092569357955,41.39728005776869,48.76158382476832
13335,15.103535428286321,6.86255428250041,40.745375475461834,49.67848248689769
13343,12.984861796268154,7.42266451221378,31.064592835145987,62.26562195454722
13344,14.91709457032544,6.485035277379359,37.31870115049297,50.826045993179314
13345,13.927342432434001,6.696021897965344,33.00302050765725,55.9933230883366
13346,12.168922982077282,5.937223711516327,19.33482908802956,65.04836064028356
13366,15.898324604102454,6.85148199109732,46.00997506234414,43.8824812967581
13369,15.244490255958153,6.389147894499342,40.25192071481901,47.8239926784037
13370,15.196164128610738,6.3277379429282545,39.84884919271728,47.83334151248957
13372,14.739866118604732,6.336070620646923,36.717621733562225,50.81337366140767
13374,14.820514442847392,7.504422536619986,40.24122162530711,52.294074082781805
13388,18.474661508434295,6.348722088395525,63.090360445158076,28.514478711034823
13389,15.546751214379453,7.278815517019049,45.54143932454499,46.580907244414355
1339,14.244621849819643,6.028575698378654,28.864042731367267,57.39650996989793
13390,15.211425135939287,6.998995382860246,42.99772283669486,46.3524723487313
13408,13.992403839319408,7.151015000633576,35.4197614224623,56.08147647985595
13413,14.017100661524593,7.12517139023439,35.431464490563215,56.068487444324575
13419,13.615245063389668,6.996317263625793,32.415775604869445,59.67464448267602
13425,12.777253011539623,6.959818760148372,28.709851261047643,64.04289717611555
13431,13.18488275366797,6.894752379667954,29.4984243697479,60.91911764705882
13432,13.507311678950998,6.996140238489476,31.88448649714173,59.87778434851173
13433,12.584004618801282,6.698952810718706,26.41224665804226,64.56600751555473
13439,11.553588999885093,6.3015390399711375,20.447183038239377,71.23648081175119
13444,10.97556417345,5.73732519557873,16.15214336232789,76.35550330207309
13485,11.40323873337616,7.269534473974642,27.070082537052926,66.28849510398486
13488,17.103403778665935,6.775878030982629,52.45865490628445,38.02278574053657
13491,10.594051344482107,7.198020584035959,21.620079068990478,72.05857787181914
13528,12.783969712252496,6.89163965322332,28.75778273394666,62.75322925378683
13533,11.113117604975,7.544655911086496,25.7323191454928,69.21254017062401
13539,15.200690185905401,6.155775760833329,36.9480511074577,48.78380302657639
13540,15.990517191782606,6.458469676536341,44.32572476786626,43.695985173698446
13541,13.615172084569162,6.875946110658677,32.41607300833449,59.3565209293663
13544,12.335397937447786,6.141192790592938,23.38142378430921,67.00048602051518
13548,16.173741281339577,6.796281032208162,46.14374034003092,43.79572385368367
1355,12.956395254113213,6.229283288633958,25.578611869444185,62.67432321575062
13551,16.15566892592413,6.804537512511216,46.075946125876996,43.857223331797
13554,14.202843731947457,6.849232163999395,34.1012545247186,56.0926265681559
13557,13.914304228052469,7.260622726885509,34.40116917890784,57.058277594649084
13558,14.93617665113803,7.01026193600927,40.21038344078724,50.329996606718694
1356,15.55921706123053,6.333158875332138,40.47133894578798,45.60700305646415
13566,13.937434023463881,6.701437623706602,31.249512214157498,60.77161216472853
13568,14.991652043013106,7.385594463632876,42.31877928524524,49.21479370944585
13569,14.663238717785042,6.636960567404772,36.839555115075434,52.77502477700694
1357,12.80448076863398,6.69043521210502,27.545916323075133,64.94978609003607
13577,15.367048933225814,6.512877238078678,40.354123190120696,49.0436952733375
13579,15.287209306539333,6.444896553748568,38.297774136598086,48.956301997392195
13594,14.840650027066435,7.225080116664094,38.08528299566514,53.12509607403081
13595,16.860694500422376,6.811316095316963,48.10021439234922,41.965899269270054
13597,13.407018082171678,6.883909267931016,31.017920056776415,60.72035079715105
13599,14.06640834166989,6.758926582691268,33.46987799481636,57.43599468992983
136,13.118813213355956,7.03263173658675,29.845460399227303,62.31300259063478
1360,13.906207894785384,6.233161784121979,29.0265658642405,59.3628077900633
13600,14.167079884332818,6.64045969525175,32.81047980336161,58.01116746941734
1361,11.730512698339497,6.487635751008158,25.034104656250804,66.37666984118813
13617,16.727861620720137,6.749937754187151,49.95246133845587,40.33800958534645
13618,16.561823230539513,6.526108642487242,48.853627531099605,40.45446290747299
13620,14.482981749390646,7.033715479958468,37.1391192295964,53.486587777023644
13625,15.768524148755798,6.953388058057724,44.77613225417599,45.49250904081281
13628,19.02151686412895,6.900628218901949,66.02073550606723,27.312287879492303
13629,11.1346242587731,7.427523278163265,25.225753871230644,69.88861722358055
1363,11.803545975215833,6.535840114347815,25.681743233302047,65.65789807463027
13638,15.617597659048778,6.984349359386492,43.69260438349455,47.015427941716666
13644,11.659751344792262,7.324506910959762,25.741890959282266,68.84594739667203
13647,12.486160139437715,7.375462100826176,28.92113660537912,64.38839082206351
13650,12.278296162192259,7.393551763246151,28.216543089826178,65.47496049592804
13653,11.942998195323739,7.431360738164699,26.904516207357048,67.45325968192303
1366,14.433984517669774,6.4025257608128054,35.69494786772274,52.754284691457464
13661,12.10303436003728,6.816943383869307,25.347500105303062,67.19177793690241
13662,13.063188196571499,6.755739291480725,29.280324429021064,62.080340569768374
13664,12.769157720450444,6.181129890419555,24.617949975478176,65.78911230995587
13666,14.733587655316224,6.7821641104833414,37.92920991601558,52.60284151036858
1367,11.709222027147392,7.137107025678104,25.091990155225773,69.00601895850087
1368,14.659210130936481,6.668994267645379,36.37264004952027,52.31816774992263
13680,12.333402316935041,6.6059662580407625,25.12982782689623,67.48068869241509
13688,14.48637862905649,7.1837810973927825,37.385100667833115,53.87146060770349
1369,8.706831077977654,5.347660447764603,9.663478750063929,86.37293509947322
13694,15.707380725887718,6.7487073199249386,42.260903506407814,45.10097302119829
13697,17.081877876328296,6.675666593581322,52.76177230280151,37.472680309954306
13698,16.128343136164833,7.01772434144026,47.741367648137434,42.49635310129006
13699,16.60065058162496,6.1685708962425965,46.74721653602277,39.76151247357998
1371,11.124388998148765,6.467080854179268,20.54112890685741,72.20753641217021
13716,13.223239951757893,6.679077633146243,28.623974346882957,62.29773244769
13717,14.396530786824417,6.573461023303271,34.0666820960342,54.45795270445046
13719,14.33427551410312,5.859874839708622,30.13361328497805,52.46611948845199
1372,13.548259852194901,6.8363120320896975,30.875970220180584,60.00950419768731
13720,13.656820899705053,6.939744492797435,31.857724580454093,58.21353652517275
13723,13.542903331055905,6.101726218418959,27.106933397605847,60.63040625585817
1373,12.929718862930306,6.254229499712668,25.774296902812388,63.702385190459246
1374,16.112120119809585,7.1464136051760185,48.27990396836605,43.66120604434402
13749,15.799122526990036,6.909861511185587,45.11201048851394,45.302969845522426
13753,16.36090803729124,6.757627463474076,47.7131377621223,42.40189333480103
13754,16.085127178910643,7.035342620707584,47.187834326761426,43.63441846247898
13757,15.768366930875382,7.145543506026899,45.25025223958174,45.90760387684594
13760,16.174166950011976,7.1019706694158495,47.664945078926316,43.633156325016365
13763,16.379434412025315,7.007019909389848,48.476032141867556,42.451163757273484
13767,13.020783290274078,7.136252017758152,29.702089329261593,63.3642375376233
13779,14.504398489633934,7.2629447529702285,38.45915937277704,52.33352921164136
13783,14.061032461660728,6.98727019057275,34.60231768045795,55.73447510898062
13784,14.005659860256824,7.171941746569648,35.09922373857518,55.38374859146112
13787,15.800879369833062,6.980173805000089,44.46172129235759,46.167686617723824
1379,15.008793537994693,6.607680012969437,38.666922986553885,50.58793374130916
13791,15.77122982821497,6.986234931162672,44.341713231473925,46.26827690774336
13795,15.842972853082765,6.943629937153352,44.53931800089421,46.00495087294577
13799,15.830658287997608,6.968658743504552,44.5620981914444,46.03363513002469
13803,15.05554646141237,6.94814542695742,40.018120746044374,50.9038274551401
13807,15.52957553532115,7.31526955428789,42.92732508893783,48.58970015246485
13810,14.978602597688846,6.9789188673003055,39.74080397330436,51.16848850358085
13817,14.965190111356652,7.022647811566273,39.90061807995019,51.01605229223176
13832,15.43004965470095,7.328529228573814,42.48219131614654,49.04808344640435
13835,15.647881246074084,7.632088171203644,44.9191903611154,47.78737552916174
13841,15.415845984451373,7.335996741518418,42.88015114676413,48.106793861211344
13856,14.102974515852814,6.848338401261868,34.25813711911358,55.93980840258541
13858,13.955212481999443,6.793541553428031,33.55037569785722,56.63815406706857
13859,15.328831218606771,7.307501164132343,43.6130062418348,47.40407412783665
13875,14.131001202866722,6.793962517515465,34.160044246499574,56.069338922364864
13877,14.048731459311583,6.710971842873709,33.679779788429016,56.348981027736286
13879,12.059440606095416,6.9251944417181965,25.1507202356298,68.32037062604506
13881,13.10086961295951,6.822240295098898,28.63280650606107,62.972482225973096
13891,15.446810361226824,7.618278571329519,44.65078931182943,47.42704845212875
13892,16.55498948529846,7.185037855961773,49.75687157700773,41.58775656446742
13893,15.411074055552382,7.32304170981278,43.350184217290725,48.15354296975409
13894,16.519781377233166,7.327901771620712,49.981104850900095,41.830424625532494
13895,15.30253342730687,7.564102659980262,43.469584562649786,47.83115159500826
13896,15.890112768600261,7.217475943600805,45.41112821230353,45.863532484492325
139,12.78429753733963,6.871840814392254,27.18120356114867,64.68304438048062
13945,12.19809309030333,6.189751016235713,23.43518816339659,67.7763482363032
13948,11.367138859278354,5.797325780123893,17.886510243141704,73.87644431842347
13951,12.255513164887775,6.200372556159084,23.704502561337286,67.4801833378269
13963,13.76073832562708,6.532498024731624,30.4394395553497,59.173807318202876
13964,13.747416248776696,6.542436921704682,30.431383902721482,59.20526925303995
13976,15.279181005748304,7.617725414234601,43.70466364845078,48.29594223875322
13977,16.636948205254352,7.1126502285227,50.611308791042006,40.47791699691394
13978,19.6470989678067,5.8889571297552,68.9664843640443,22.212873369793858
13979,16.454656568019715,7.15075945767251,48.940377205435006,42.447441357398766
13980,15.914749607191986,7.152350057265361,46.033557046979865,44.98154362416108
13981,19.004918568054315,6.271339524133008,65.4720732006209,25.317937964652376
13987,12.861321193503157,6.36883553928537,25.901534247373714,64.49812772281555
14006,18.38536937853044,6.874068381050282,60.87790703089346,31.676740958749733
14007,18.37397352857979,6.887689952094762,60.86019117415725,31.73528023762596
14008,16.775572643176538,7.390017629193656,51.73602466629642,40.704176800658786
14011,14.983273025834377,6.989568547050698,40.502543003899696,48.67296843646277
14014,13.932211911510585,6.788695092100603,33.6815572600258,57.21374910154289
14016,11.537222312813006,6.20665673901173,21.11583859456492,70.64461524384664
14017,14.352148145354226,6.757454134833046,35.57440406712837,54.66630353020518
14018,15.694273380308125,6.951866151812715,44.16064971106599,46.30753150642143
14020,16.966902693657726,6.953730001894948,51.69900465263674,39.03173299915014
14021,14.648880995256087,7.662532607141248,38.962794957909885,53.7728442447769
14022,13.756111929120225,6.622982104696535,31.580949275952946,58.386991604857776
14025,15.676623521244126,6.825136887869173,43.414659685863874,45.78429319371728
14032,15.574902857632633,6.408846305712401,40.686045329809936,48.34027848358573
14046,17.06625662429501,6.6174127451786475,52.438356164383556,37.56164383561644
14047,17.489713621314444,6.816576527635447,55.02324716384601,36.36972289380695
14050,15.791800602018636,6.760374246085645,43.79583455558815,45.08418891170432
14053,17.40109308800855,6.78418656775801,54.53297420707459,36.634608927918585
14056,17.024036587266593,6.607754223589892,52.251477381420216,37.720865741804886
14058,17.03063652201033,6.605268647767156,52.27990736835875,37.685244785770834
14059,17.320781554284405,6.554750143523037,54.11409829786216,35.96394627851859
14060,17.280104977139917,6.561649195465341,54.04913448092965,36.113120208303194
14061,17.156931990164907,6.533192083758398,53.24648768283294,36.64838337182448
14062,17.294941991882297,6.637733898555856,54.55884127942065,35.981894990947495
14063,16.130986995152345,6.774203351570045,47.17019015987484,42.062728497209925
14081,13.51824352220206,7.137233018682944,32.28940984159521,59.38428406481493
14086,17.338829248289404,6.737741152495581,54.265921787709495,36.7731843575419
14102,15.318251463215903,7.116087227357049,43.23515367504047,47.34053084564947
14103,15.216753726796606,7.152767626148766,42.77246218879854,47.86065838791957
14107,12.493790605615803,6.3986506509612,24.81080920033369,66.32254796806102
14108,15.774417871250874,6.957905274293404,45.446045621169176,44.82717680058176
14112,12.125449052725157,6.958111638056338,26.618388217448747,65.08880951215932
14113,14.988948664238132,6.2118284965312505,36.62968480476713,49.64226909204955
14114,14.473348095281114,6.358576440843841,34.256242679553935,54.28695164322483
14115,15.999467727816654,6.105312663159867,43.72298586503641,43.66749737159768
14116,13.811539034855992,7.480978625615822,37.0562989617302,55.68330896960156
14119,14.82870246303038,6.456811511371321,35.939777453873226,51.18916420775712
14123,12.421203997413391,6.376035306130726,23.95905829273561,67.21063620437255
14128,16.35439621226785,7.119940497059098,49.28745597399079,41.73665673259279
14131,15.412013224591753,7.255848037489727,44.54740217919903,46.96712800494197
14134,12.516381954065086,7.0181673112139675,28.182306632092878,64.4193706636765
14136,12.541503439165362,7.056703537950045,28.43132719618818,64.07457093953832
14139,17.17120866528922,6.658295196205307,53.55327686134641,36.545442965416214
14140,14.783668985014652,6.9129361476552065,38.996216560083035,50.56751598754479
14144,17.23082668606988,6.903630080168266,53.66951124903026,37.45280579260409
14147,13.100329829139465,7.315200179380764,31.2657156214857,61.54963925146259
14151,16.989909282284877,6.668512201060197,51.77125049898914,38.68163848719369
14153,16.813688146181224,7.111124557034977,51.18092836437847,40.213957962329886
14161,14.985516925383715,6.789474337373103,39.13477949434476,50.9563940891927
14166,14.960942903438582,6.7712078554203865,39.40982827665784,49.13459580533496
14170,14.676590505524116,6.765057491524693,36.18755021143982,53.81253807241041
14175,14.191582239618835,6.780180121012659,34.26942444546173,55.58366973240667
14176,16.22171841563336,7.336388920800277,47.90562036055143,44.359756097560975
14177,14.493047143974895,6.7036643654939825,35.06801068739374,55.2847080051355
14183,16.04690346299848,7.327098541471727,46.80246827010728,45.09852044036183
14187,14.117215238369837,6.816392708639821,34.361157504901605,56.30763924188512
14193,14.942653753022435,7.126533473658101,40.403766682474085,50.49793374432626
14197,11.623808480814262,7.236118211352386,25.922926605989122,67.85557100857349
14201,12.210393289927344,7.224017661824721,27.738047126214617,65.37576215494369
14205,10.982000990780477,6.794161329924844,21.149312977099235,72.67053435114504
14255,15.848510331207025,7.479073312065053,47.425567915901645,44.98253951110631
14270,12.538717994371432,6.886093697787477,26.848720878710854,63.84645880459877
14271,11.609111032324542,6.604450159787272,21.36997501703384,70.33113786054963
14272,15.273555339723465,6.790899750313802,40.2918409632902,49.50252159974979
14274,15.798736866335718,6.796324291300168,43.90218821980915,45.72536196117144
14278,14.803231421020369,7.049911994425578,39.05723499076076,50.73008128117489
14279,14.85242888688417,7.09634825426713,40.41836304927699,50.23398380832046
14281,13.710602335236578,6.8665213922602675,31.593987446316486,59.550710274198885
14282,10.360188739830134,5.980170598292722,15.865648471923855,78.1647405641886
14289,16.594909392693555,6.89762730907582,50.59242119460949,39.72768391800286
14290,15.702052451061213,6.951782497072735,45.1098244433357,45.28851397607417
14294,13.163922884145483,6.71351760193082,29.802731411229132,60.77527934887571
14307,11.534843597387544,6.933172078386261,22.692376855297194,70.33184402362608
14308,12.135504290141384,7.025828251987233,25.69150667100553,67.46610261416639
14314,15.613495623999206,6.715884416964789,42.829264510125746,46.50736006823733
14315,15.613294240335138,6.676757260742238,42.57078361818768,46.73202192841019
14316,15.359608288859713,6.72219073178102,41.57339391996432,47.677125294453816
14317,14.73875476766575,6.782899430866878,38.06855206568487,52.328200927184376
14319,17.140143459889355,7.079244658665814,54.34880501676146,37.09868410080222
14332,15.855586810740116,6.793684769493841,45.15962392809175,43.88194372696904
14333,14.995204750236228,7.091652860996285,40.79260101271055,49.97416554717371
14336,15.726457263331634,7.051761236649417,45.14472310919594,45.795744592904896
14342,14.215953166385349,6.818551595389993,35.36491848097889,54.44937152002134
14349,14.433725070991777,7.229346763239391,38.047689684946974,53.485952133194594
14351,12.623865338661668,6.944547681282476,26.527586326726826,65.40444114955577
14370,16.391695002706808,6.943131865834556,48.46924688570918,42.224423835896765
14373,19.692185102079602,5.402869510448043,70.71481432285242,19.427313611263973
14377,16.477805413124845,6.938564085939872,48.97564746810978,41.6988790104368
14379,19.73143973698,5.379191866997945,70.92656583394702,19.182764025000473
14387,14.510155542452692,6.6594866661393874,36.817751017449964,53.75369348274517
14389,14.073841935738892,6.584407909199693,34.12808133228407,55.5522470595742
14392,11.924185015722644,6.342611105952124,22.740643797951662,68.82226517943977
14395,11.27918729775037,6.400606310308085,20.834415908863797,71.19016688318177
14397,14.818238694027032,7.168558621554186,38.6578600501166,51.55346977795159
14402,14.682719229539062,6.6717994825620925,34.06082766763793,54.27640975832715
14404,14.150256616585038,7.0839661317479745,35.2287166454892,55.937391706133766
14409,14.284642130880624,7.0825139377733075,35.957664098041036,55.01191470925014
14414,14.313302186045432,7.131156802294769,36.276726679451585,55.0047227867304
1442,14.719651319738716,7.127045289434376,39.72400352068402,50.823588582924685
14425,13.975730083666488,7.187796049795151,35.46608589871878,56.991778994251185
14429,15.925258429094836,6.8766506215805085,46.37264227547966,43.87281627728928
14433,12.811660886113417,7.1418008196569795,30.902942885824487,61.31029745865695
14435,13.878356230162613,7.101403686327572,34.99517045202797,56.585465275993165
14437,17.327592356731188,6.67195448994288,54.12483520941082,36.520129804279485
14439,11.734846953578932,6.892414872802975,23.50034264094125,68.23477178182942
14440,11.238635504287707,6.545232974757907,20.01125939051627,71.689093157613
14441,15.58087261167199,6.901465592732415,42.64605267188825,47.62016604205173
14443,15.911175524372997,6.767980873667696,43.84784815046751,45.476041374246904
1445,14.410574271697437,5.884347301500574,30.368890255149093,56.861358745773124
14451,17.535818460805455,6.2432238269441065,56.63253186940801,33.22732191401198
14477,14.122589851796837,7.032726849528172,35.35326440992313,56.211153943425586
14478,14.46167281543079,6.901680733935316,36.12131921747697,54.509984831188326
1448,12.561140069173735,7.474755095659192,29.327146171693734,64.0139211136891
14489,15.313165599753896,6.594558721277443,40.07036293333776,48.06750858792878
1449,13.49946751559439,5.931295049389249,25.613864691777703,61.817464412541355
14496,13.68798824486996,6.610327169045172,32.04614225009012,58.21526495745169
14504,16.079503785881403,7.044886310699733,46.94110125913779,43.83703477221558
1451,14.289938911138224,7.027287159141403,36.44187540141298,55.165061014772
14513,11.974610993275729,6.950430614731835,23.96263492153903,68.46751915245066
14521,11.38721698367542,6.847624214761648,22.351310586604704,71.47690677102442
14522,12.479641819226687,7.076488002897354,27.136666044281093,65.83692842893504
14525,12.996784215465322,6.765009923262929,27.916774052853828,63.8062290596935
14529,15.077138925417954,7.044042159997631,41.43980165094108,49.25176359468315
1453,10.655819758297836,5.176422044359423,12.385105669238511,80.37906742703791
14531,16.914976285214028,6.500899391978378,50.836947602860164,37.33325518696519
14533,14.59826351011009,7.342285138971084,39.62979820967987,52.64754968896981
14547,17.5418859136146,6.671473029915728,56.20265678097004,34.48748841519926
14549,15.279216395632263,6.516418131891262,40.750266174416836,47.63277609546328
14550,14.5724744838958,6.741537416514849,37.04102336608318,52.79731213683667
14552,14.774354394250544,6.899061080039317,38.67217299454258,51.48685523150049
1457,10.456440658303169,5.242361006721274,12.532084188911705,80.64681724845995
14571,10.222385047398111,6.50860235303169,16.16196838447609,77.08486272206724
14572,14.733777219031289,6.917886721758166,38.56330984314617,51.704932939304385
1461,14.094795203227601,6.148014411178919,31.450990912444247,57.382381543207806
1464,11.842410962604106,6.969247660498761,24.40917442818222,68.9507698156244
1465,15.527616657314882,5.8823582694913155,37.67317037789222,50.025386233408284
1470,13.026105610245896,6.6792163675235425,28.934023917346856,60.59874718659327
14711,16.605700970981108,7.240734284392754,50.457833340301875,41.26144583350755
14717,17.66538295450324,6.858376909462653,56.277599695142456,34.71565309004506
14718,17.82013487977151,6.872504298121885,57.771559908064354,33.80233836314579
14727,16.420358948737157,7.3130058471257495,49.780991302525415,41.877816200356285
1473,10.226009361735507,6.714288744471178,19.877649325626205,74.53275529865125
14733,17.775547813733084,6.882202955755596,56.995644560190385,34.403484351847695
14734,17.799170207218804,6.867957002956167,57.63277208540556,33.944514350769964
14744,17.625960126262804,6.895496634259708,56.014961721136125,35.79107409550207
14747,15.925787727239054,7.119671595107894,46.19891008174387,44.98266039137974
14758,13.810138035498639,6.535617107296948,31.40832811617218,57.97767564018385
14759,14.431206126118461,6.955060727689742,36.60264860977948,54.17215963566635
14761,14.52440102486544,6.9572736891463824,36.88039493056959,53.826611622737374
14762,9.614270509165156,5.810158735162252,13.508731956413932,80.5363820348206
14764,13.61957468109867,6.989848162705169,32.73405414466516,58.9822032240941
14765,13.700595233529128,7.024798569913703,33.18486147295291,58.637980782698826
14766,13.765780184743644,7.068164088206233,33.39352201786065,58.53839478178102
14767,13.745770417074214,7.06264809173465,33.4787777078526,58.46444304594084
14774,13.989385079320215,7.372628656488926,35.58856117025007,56.44801615685614
14776,14.978595221255924,7.0298272849662995,41.220668595306975,49.05094824815172
14777,15.759805516922796,6.614358725890719,43.75656611136125,45.28907565827872
14785,15.711375358053186,6.991224503671643,45.17552436256047,44.84819629481631
14790,16.06454546979519,6.717676767965579,46.363008755138544,42.99039758998337
14799,15.204943071613718,7.137785250655174,43.42086370431683,46.856761573350674
14803,14.671454511701718,6.990642464232552,39.03569539259893,51.285991384739404
14804,13.716690317136667,7.592679213811202,37.02393075356415,55.236761710794305
14806,15.13209824927038,7.01546894344448,41.56507663513582,48.368657999898836
14808,15.077837221203266,6.933322570827107,40.65912070535723,49.02472953633371
14814,14.925958644581833,6.920743189335726,40.081447413740705,49.40940494762648
14816,14.54105654415733,7.157503681178214,38.98338914639285,51.64888780466168
14818,14.363640494012715,7.066863906570069,37.37254846349107,53.86644355261851
14819,15.902693929337607,6.863541896844723,45.389331590013605,44.86986942770818
14838,15.42884802306143,6.5745765069035285,39.56682352580512,48.707061726881165
14842,13.171754039969017,7.477069879707894,32.24223999447256,61.356295234311574
14877,13.908040035727057,7.093038542409144,35.401400687374355,55.56059918293237
14878,14.752482259077036,6.9517721238782775,38.617407856030454,51.237238276518426
14879,16.834096937715188,6.999438884571095,50.16004676148857,39.9309711359145
14880,13.363551136208262,6.959910555850692,30.988324320192618,59.821138522099716
14881,14.80344446660473,7.026313238949045,39.152358884752715,50.903099597356224
14888,16.305243372311,6.993347327315119,47.05997483573326,43.18327974276527
14889,20.827317585169766,5.844666384905947,75.12213120802893,18.652497970629472
14890,14.38179266527323,7.276391224772589,37.684263865855904,54.75400773908237
14891,14.457330838363536,7.251922039644914,37.928206997084544,54.435814504373184
14892,13.09916627528249,7.353519320145948,31.886792452830186,60.366638078902234
14895,13.056140792367767,7.521635696748518,32.07320603402987,60.982513321396794
14897,12.33865618702811,6.529688799177916,24.15354386764245,66.25281202836233
14923,13.713593851703997,6.629333288173867,32.30636237897649,58.390963577685575
14933,14.313136944082329,7.169283097377518,37.17683091613368,54.139266732726774
1494,11.864545898998621,7.540369891572011,28.38663489168064,65.7006678631322
14946,15.16559081300527,6.92762264681921,39.830919782836894,51.32227953542446
14949,14.711455170994503,7.221605877695159,39.09775292415977,52.97541086295456
1495,16.53052457032449,7.6218502709946545,50.99342928660826,42.483768773466835
14952,15.741788132700574,7.018334665347269,43.817504026308974,47.07796961403746
14954,13.415161744467287,7.095398814650664,31.76780409874941,60.66748208981303
14955,16.289977168066805,7.00127166295149,47.579422012707525,43.45289335246294
14956,13.9432236160622,7.468775139064576,36.09513950384774,56.03477306459459
14957,14.186756530800746,7.05252165232129,34.86663066382879,56.18348740430128
14958,11.771351758451019,7.265442949295255,26.028203652346814,67.38265920150698
14959,16.76899316027865,7.192157921912482,50.356686087821515,40.71479323575387
1496,14.832242262456408,8.115825673281842,42.60901414967036,52.29980336970351
14960,16.903437772937043,7.18046238960156,51.446684236769,39.25065887883753
14966,13.06581271005911,7.097087270683641,30.79395362488993,62.15585559142941
14971,10.425008082228482,6.731645382542193,18.985433574646358,74.63408648705499
14972,10.277278286147485,6.767876153846936,18.68459012368413,74.95933462234909
14987,9.899271369420152,6.395552320600989,16.42477402401489,77.79778342802224
14989,10.373880646157199,6.49232145480261,18.37943708289003,75.56581874455944
14991,13.547567075618659,7.657647692708966,34.86962190352021,58.79726205997392
14992,12.846687270904008,6.612834607586243,26.107086849376447,64.26455579618151
15009,16.23401777268981,6.618459431670555,46.04683795422655,42.47955678134224
15013,17.133516118577315,6.779622410276161,51.765894582140504,37.87908941994152
15015,16.187450255104675,6.633702451225672,45.79234706905147,42.76959741254575
15018,14.47250625333944,6.907843124299143,35.98342541436464,54.61602209944751
15019,18.179754641191373,6.919051469988095,58.6771798208681,33.09091836995075
15022,18.25245810193001,6.7139700409901515,60.71324285551055,31.440831820432415
15024,16.981439078928826,7.119606375743801,51.490269693573,40.08805218307291
15025,18.441570976149087,6.686695903581282,60.71343279830064,30.620042986965647
15028,17.356788411612307,6.755040323938494,55.00018823647521,36.347208453072646
15029,10.296612621264366,6.3279185946370236,17.27068305931139,75.90456443652718
15030,11.088251193503233,6.915750154889389,21.98895966029724,72.34649681528663
15040,12.186758897807774,6.4154714691323305,24.064958722530132,67.83974781339225
15044,12.501370720190804,6.521851588122002,25.80973879393744,65.78781038374719
15051,12.071547960827324,6.899539358219621,24.601886771338087,67.8420752246556
15052,13.001873579822355,6.506683701854552,27.118684404674077,62.2444608391442
15055,13.495338498710572,6.941565025144409,30.651363403757586,59.28942174135536
15061,13.513052285016853,6.778832624700574,32.58004013483205,57.903020605170305
15063,13.566180532696233,6.827243770671079,30.938452921774847,59.905719086439724
15068,15.349184827520524,6.685750083928532,39.75441582908566,49.035546587355476
15069,15.971104132121315,6.609426997383798,44.089616333603296,45.194281732055074
15080,15.408887107506095,6.582636930731333,40.04972754639333,48.65583203139885
15081,15.896415527128841,6.626458952877578,43.87771414600201,45.53182685887852
15084,13.328802968560595,6.872478893999856,30.644582397277574,61.04590107275314
15096,14.165980660138207,6.800502997957081,35.21386140837478,55.6589895904686
15109,13.660265152818917,6.876807549335561,32.58525211308657,58.91307759567742
15116,11.901995258168679,6.297238574937009,22.473729324740468,67.90183815359218
15118,16.31227827860767,6.649296068539086,47.006019531907725,42.015701296514564
15119,11.660483497757154,6.677305894266523,23.33710893254697,68.88059992969573
15120,12.989557074403425,7.508352490968141,31.91552964789785,61.51645207439199
15121,13.03542972919231,7.505066480750929,32.134287518417175,61.32182698379288
15124,14.341781343483273,7.0387010386766615,36.81841126598057,53.63496821913857
15125,15.465951331824225,6.775561448712921,43.49506042021214,46.49734022626807
15126,14.966783797343021,7.3212537747044095,41.1029944794513,51.034405843974795
15130,12.586921852865688,6.973062604312467,28.152861238757314,63.599230195200505
15131,12.61633568289828,6.971454637627587,28.25641025641026,63.45167652859961
15133,14.738306566085537,6.536181434815623,36.34234257680846,51.99682485978633
15136,12.201052397960428,6.960890994967731,26.3632242753913,66.54667626589872
15141,10.244809535242899,6.283018177863773,17.028601694915256,76.40156453715777
15147,12.163409260715058,7.021123327203491,26.537162676077763,65.95728497976818
15150,13.883683694446297,6.488984529269541,32.47907949790795,57.103874840822265
15166,12.86185801394289,7.017811638193283,29.808041316228856,60.731952668858305
15173,15.892604447853952,6.872062791864233,45.06547069031575,45.07448558743323
15177,15.285289850966208,6.78078769568838,40.34748676019697,50.253646752764105
15179,15.132687331891665,7.123452288629652,40.476285931924785,50.97021208355049
15184,12.447530279460498,7.145032932897568,28.587069677280397,64.56725419104713
15185,12.639426630974576,6.786975762864811,26.97654504341776,64.10174072438754
15186,11.908883451885494,7.352599486170147,26.978395857718173,67.07996905191739
15187,12.638864562452952,7.243225707357057,29.644433727788698,63.27391772081463
15188,11.899740083890903,7.377657228383834,26.98761981226521,66.96898510214399
15191,14.805720577131314,7.199636768874492,40.29607530992642,50.718878874863684
15192,13.733741230306892,7.081414031614919,34.38466837853072,56.75455627231164
15193,11.94414989402326,6.778305351021738,24.736828624849526,67.85723433137822
15195,12.736602990245782,6.618363373771437,27.577589064850944,63.852548899599626
15199,12.247674726065526,6.537047157095908,24.517752306402013,66.9823408815581
15200,14.780586027683809,7.297327575216258,39.51134420510231,52.139733982120106
15202,14.984954174048088,6.427764422260029,34.474156969093634,52.45957914249425
15203,12.93401723704597,7.258486385419154,30.041713014460512,62.70578420467186
15204,13.868476416213904,7.460233642310334,35.11935634018219,57.79107653434404
15206,12.88704210260813,6.58278378132468,27.134638098987768,65.36444111408868
15216,16.32719070033715,6.972048266335019,47.36246294610555,43.329131946875805
15218,15.794642756757408,6.909130377356674,43.18930016156659,46.82272622359358
15220,16.807618038800914,6.912668991933662,50.83036216926252,39.41874648151623
15222,15.596123317869594,6.997331828607932,42.53928927105346,47.93533969734509
15230,16.470451513295146,6.722590339902466,48.55015368630677,40.60695268193428
15237,14.786133456888061,7.345846341219622,39.27220990296987,52.697489008805775
15238,16.503005371629115,6.693850575652938,48.689039917110094,40.6002493721792
15240,16.735259036401686,6.70847113949947,49.4544493857602,39.99383558627977
15247,12.278361785041643,6.76632585404961,24.925288748889425,66.85512748027892
1527,17.70484223441861,6.74776765342154,56.82031306355045,34.50431604510808
15287,12.678890970905217,6.6858279824525795,27.476431758079816,63.91384217857359
15288,11.342387283629265,6.374371643899195,20.221041901389558,72.72063951928752
15290,15.044008681006973,6.562556349085437,38.37983022371563,50.67092581130074
15292,15.00698168781131,6.678859612938222,39.640241298897514,50.173529379564044
15293,16.67720137180052,6.208423595942326,49.45121083790202,38.81684777256164
153,12.399995317873415,6.645727455374614,25.732188116023657,65.73641227823148
15302,15.130265614409671,7.222018302329765,41.44425485335308,49.84707511026689
15304,14.723636075284746,7.396745998982319,39.37414683876765,52.44587285953727
15306,15.032227914507368,6.980330359208029,39.63622152383123,51.05111462115908
15308,14.038195238272055,7.332241476160857,35.98734611426611,56.8681632808629
15320,17.563228596276897,6.538362666076765,56.95645753343741,33.88253660183115
15328,16.623788383379704,6.7445915603926,50.244214178116586,40.291915825991694
15333,17.553564236129027,6.518704347381813,56.83452453586681,33.831604636973765
15338,16.047741925591954,7.17490460768041,47.65379146367048,44.09077134665144
15343,12.241888867056195,5.907022734466092,20.541051305382517,68.63442290193883
15348,13.38349970327116,6.978690356144625,31.786554952974484,58.767900287234156
15352,12.23147714249332,6.962128134069008,25.761014758745016,67.30052888217982
15353,15.784364086776534,6.871264488207373,45.48876964516745,44.50041358247259
15355,15.602140554917929,6.773380442336793,44.139940991628485,46.05531435150759
15360,16.057036431564814,6.851842762023396,46.703010262597374,43.55869341793645
15361,16.582089853679268,6.719273339777425,49.26470588235294,40.216749350342546
15362,18.136379481280894,6.441196770011738,59.95814595485106,30.562358074713924
15363,18.481241293580222,6.335913408602855,62.63858586758092,28.41177256333764
15364,10.641668863618095,5.85871300821157,15.899984937490586,76.97695436059647
15365,10.685734045182611,5.832087979214272,15.958311997349316,76.87882165125455
15366,10.595291766435022,5.868300601341439,15.793183384499718,77.07067226364262
15367,10.534039714522812,4.455755099777068,7.721711471659157,83.43912612826271
15369,17.148741806415025,6.973170721874449,53.02296187065515,38.45524727691793
15370,16.358219678514818,6.808355272995278,47.5871642034784,42.39133393211943
15372,16.689595062662075,6.820373468005175,50.04060723433498,40.316736427812835
15375,16.493737364075265,6.734966054943823,47.5900781461062,41.941745629921655
15376,12.906393953850229,7.771939750068153,33.4452391863083,60.9113187623279
15377,14.800597458717158,6.993889739462233,37.31758631383955,53.23755479744852
15378,15.361252581796137,6.904774506069078,40.84840691043842,49.06089781552988
15379,14.780230004699689,6.972361813903917,37.22530763367091,53.262550364804525
15380,15.076324675055567,7.00173551234684,39.2300731550429,51.4440216739531
15382,12.508596962178578,7.447910205881809,30.143144637756425,63.30823162814853
15384,14.401381210587337,6.791988407711137,35.27308296719156,55.07841313620474
15386,16.515739247048206,6.896442623427343,48.18395037373139,41.88641195940466
15387,15.41801664769989,6.652974881637741,43.142608911505526,46.62612221256878
15393,16.984922337111673,6.84454979526466,51.022809757385126,39.18901084398302
15394,14.091470271596434,6.624473360179332,32.67985794013191,54.986301369863014
154,12.000160395032712,6.824771577234848,24.84715025906736,67.85880829015544
15401,14.354641657970852,7.120476718363414,36.67030521852303,55.380158696838656
15402,13.987613837671136,6.693249518650828,33.03818959403409,56.92763963809073
15403,12.310859415423742,6.898304191885961,26.8350930115636,65.82956259426848
15404,14.563111970316957,6.79454965532657,36.510941167562656,53.790918957118706
15405,12.988168574754111,7.20009430061033,31.110214433940513,60.810632761289895
15406,14.7752830080498,7.010177835368176,38.033443937054436,52.612602253687704
15409,17.01750425067686,6.7608855245199955,50.492727344396705,39.2644566202846
15410,14.099408710454458,6.409425650633086,31.503105128109777,56.111710237625964
15411,16.867694419911494,6.862769241191086,51.18933333333333,39.34755555555556
15413,16.587353063878354,6.912366427932044,49.1092582879673,41.45159248340598
15415,16.511573713876125,6.897060529649575,48.88912879196805,41.65605095541402
15417,16.27245357108265,6.808238140107279,47.401825744071736,42.62140117755091
15419,16.063418350475846,6.722736607689659,45.91882123992216,43.5279399499583
15420,16.561985104648745,6.812287774950109,49.30375265518055,41.024309653056406
15431,16.53995177280937,6.840540528445684,49.025615545986525,41.33543115822016
15432,16.908383806767738,6.753750548734982,51.31921438712731,38.89907714150497
15435,16.609654952069654,6.7436829304074895,49.51071066292738,40.65576705054001
15436,16.354638141149767,6.758578041808948,48.01825663340112,42.028094404767536
1544,13.950462766759397,6.675935351837676,33.86753947866001,55.980805090823736
15457,14.268508392634903,6.698723318022778,34.65084436330443,55.0890004564126
15459,16.829645683328703,6.8455382939799465,50.93578630815496,40.176897222713606
15460,13.209017212703571,7.04169368176835,30.14161860108163,61.89608240499802
15462,14.641383646986037,6.954778927162154,36.70808951396911,54.58803518614894
15482,9.630416650403367,5.830276026013105,13.044690304033452,80.70737869152366
15484,10.139555689450285,6.08545581595559,15.30840468285864,77.84553555827364
156,14.208514552353435,6.95064151962163,34.86005089058524,54.860419662942064
15605,17.64953946926721,6.956007883594771,57.30799505228832,34.85550432924772
1573,9.714080137989532,6.154531102434297,15.202415654697324,79.98457536502791
1575,14.127423789199817,7.120377370890752,36.07708601952477,54.76952477435992
1576,13.430699004653162,7.945979509677011,36.04762800273178,57.942454445577184
1578,15.30347230418862,7.310979334545014,40.62967256354686,51.596861717319356
1588,12.825578046688818,6.370295727381079,28.18707641972423,60.16300537508764
1594,17.907301526070118,6.566511010341369,57.175261214739024,32.72604425568881
1595,14.17372501749837,7.008522438770771,35.52420978717692,54.88997428775002
1599,16.398904016044394,6.738557522442104,47.43224767291592,42.27145880546139
1601,12.75900204346932,6.636339968592488,26.70711974110032,65.00231160425335
1602,14.498083255721296,6.809996676199767,34.38776931649332,54.119845839524515
1624,13.327202218010164,6.914774605958323,31.555927188525118,59.97512917819087
1627,14.73838607724467,7.12653504656769,38.65441536594195,52.810843039969335
1632,11.093179305259444,6.817836697926437,22.516914053456127,71.26668896148998
1636,12.546560335062233,6.711525597743846,25.154698275135306,67.19722133234416
1637,13.953622810151867,6.576465126869241,31.984912621679047,57.45392255365408
1638,12.030565678084542,6.157913862568582,21.814232870668885,68.88044252893066
1639,18.852182024178127,5.923080606524187,64.00795267056476,24.667775806485015
1640,16.16679351115006,7.109834419126711,47.11249808011841,43.86545469777573
16468,15.942935951195661,6.756758787265939,43.4678806745702,45.99810408791414
16469,16.1474581662784,6.7533984036152415,44.32696077300925,45.42467080229689
16495,17.878783089391042,6.750346031529183,59.01237033972063,32.27131993094297
16497,14.407316917584565,6.99511491434955,37.895608947804476,52.925711129522234
1654,14.20184093081568,7.641073166223943,38.397582103974024,55.59812590586834
1655,13.974886411470905,7.114549787648143,35.822809572456364,55.923011715608496
1656,16.381424031037486,7.08199834472111,48.97884959713518,42.13854073410922
1662,11.926848456971365,6.616440170489504,23.63724385770545,67.85524760033888
1663,13.975997346907167,6.591354906519248,33.77096655069872,55.56354589803891
1664,14.888368683112159,6.9900515421405105,40.55671866245982,49.91596143071978
1665,17.13221883542931,6.454725104937295,53.69172176523056,35.17294105987456
1675,15.525119003565935,6.643323735004357,41.52298850574713,47.32412162712969
1686,13.927230836134894,6.702562385446545,32.85462731576672,57.59339512225983
1689,14.568541032988685,6.779974676689043,37.34234279867492,51.81489398344663
1705,14.99427989546692,6.595274717671903,40.880931309142895,46.75834524701023
1706,13.735354287858291,7.267941545897513,35.17896660684598,56.18483490592004
1712,15.498555795747123,6.662763934917355,42.20858895705521,46.88130608933732
1715,12.437976256569565,6.901762837918458,27.328556806550665,65.45712682008784
1718,10.944793554064791,6.35526438512597,19.097100212506067,74.48086608771314
1719,10.431267852945052,6.060874569700601,15.694488136827989,77.67935493484775
1723,15.067759370780019,7.355574997239805,41.45212929257489,49.89254857243103
1724,11.783261756507203,6.300723981406276,21.60912981455064,69.59201141226818
1725,15.476805288610777,7.408513977138251,44.11821270594269,47.8470842148001
1728,16.189725429256573,7.1083001696230665,47.329939219952,44.01507165765806
1733,15.05262887310992,7.0551872747839095,40.554832752759474,49.83701962759335
1736,16.777219555482038,6.727120042653694,49.205666190467994,39.7614416771373
1748,17.36662455571852,7.085903507418751,55.25550835067683,36.85649907979153
1752,17.42567708708825,6.884504466300129,54.55248990578735,36.63189771197847
1755,12.726851787587366,6.68236308365715,27.511957484499554,63.91231178033658
1759,12.800354187141018,7.1867777501516485,32.26765279271246,59.71045660783131
176,10.219943710876253,6.669554324203253,18.437041335290303,76.94985834727105
1764,15.193932954244088,7.005606557071487,41.026765677914234,49.262515810518586
1765,15.603198898263557,6.789818069827998,43.03853461882596,46.0776724406599
1768,10.465976637023832,5.866911391449584,15.162483592538084,78.0070402927489
1769,14.84890646081894,7.5314928665568965,41.89805345758214,50.54824452004909
1776,11.180681579218493,7.021527789204413,22.845408851293367,71.4585631972539
178,12.463178035667722,7.564002125160242,30.64697869191571,63.29358739341754
1787,16.52744915106468,7.169498558833596,50.00321178511017,41.48769886302807
1788,16.623884122393516,7.147104988424775,50.43905635648754,41.06815203145479
179,12.592859825973559,7.262517761417814,28.164207387715877,65.3731128813529
1802,14.850347704925996,6.849599808454904,38.05947216196674,51.90527838033261
1805,11.44969783480967,6.939423930394583,23.022491098030667,69.83958287915122
1809,13.604222404872917,6.1343409320857845,27.675220025877863,59.54214120088651
1810,14.156616127659044,6.070812141613833,32.91984484419338,53.4519563689376
1817,13.119645086777279,7.054590075244134,31.139939424803664,60.500147417513205
18191,13.965281475497687,7.336312265323822,35.52956035364166,57.00817946713177
1827,17.501004697846795,6.516437877294204,55.417023882424985,33.96693202694428
1833,13.419833711676015,6.65479411260028,28.474696312829977,64.21320341674894
18392,18.023588156608845,7.155137660392534,57.91024724262714,34.698476673384036
18394,17.09846428905524,6.924165113386476,51.86217697729052,38.84103367267032
184,15.259611080883076,6.709646785082905,40.44669989669939,47.337752860825
1840,13.066415208700793,7.235697226227067,30.563780646689565,62.34158474475897
1841,11.409942857881417,6.006458425898223,18.78465237230754,71.97389725724939
1842,15.435946105747382,7.010642928856659,42.929859824062234,48.09313738286043
1845,12.532824918576322,5.978334819697686,21.455375843611822,66.38497789155224
1848,14.493021523256097,6.921539253657257,35.900676529626054,55.0999925656085
1849,13.374359508462524,7.085033205348487,31.220928069065607,60.878949131098125
1850,14.054126730802901,6.82089036207871,33.689340909373485,57.29525419935595
1851,13.583564234360757,7.217888938121265,32.81049026977366,59.16311701327987
1853,12.86719756276533,7.006259950558073,30.255526137553108,61.6599963056462
1854,9.368372120135954,6.093553485382399,15.31909730647901,78.49308420286339
1856,14.01847917323716,6.594793297457823,31.836782028130745,56.84299464886268
1859,14.210967981907972,7.05428947462639,36.99991577528847,54.14069738061147
1860,13.548177364965989,7.114407574778418,32.662431131185784,59.271851888618656
1865,14.121368799569368,6.767184049511597,33.46994941245186,56.120499341668896
1866,12.17507046981832,6.678575349844867,25.161846211168555,67.12542499184947
1867,14.293526671304722,6.684087168543989,34.967240396141,54.87670053183442
1869,16.51792990991492,6.668740649289711,48.56472119563954,41.17797457174069
1872,14.774524572379521,6.627344237489563,37.30520891537841,52.33128453467436
1873,15.744394144742705,6.828791777534016,43.74934632222205,46.49852829117423
18743,14.390298318315702,6.411713001887268,35.26679252782194,53.47774244833068
18749,15.753899403228251,7.191530491158365,44.261327879169286,47.17589679043424
1877,15.82265033276231,6.866861890187552,44.26653057318746,45.66042550476859
1878,14.566370209382153,7.0546433150880015,38.27351147300607,52.8553824075374
1880,13.11015426202421,6.653284859249718,28.729421502805113,61.28713326588798
1881,11.811343952698575,7.053961951685299,24.519107463452166,66.74422012970359
1885,15.725787811935087,7.085882759546094,44.10105172437011,46.42130920157826
1897,12.234974662589883,6.761449257917115,26.182015014944344,66.07752229883975
1910,15.642622670794617,6.043014456327775,38.36418072945019,47.15058519324987
1922,14.31801801995505,6.506875989211505,34.159324299690105,52.56243543780762
1925,13.3727419132996,6.75476728625547,30.628306704219423,56.993761680397995
1931,18.181088613378808,6.2913228515395,58.79515924576136,30.97072571700206
1934,9.861422684271428,6.353231313075997,15.830925997786688,79.29403986835109
1935,11.371806767116595,7.0041294249847255,23.431215950255286,69.79092387118857
1938,9.818547051196509,6.347307278140392,15.774998593213663,79.44403803950256
1939,11.356179917685667,6.988201540500753,23.295301537807383,69.92488129827794
1943,12.16425257104586,7.557394251751302,28.815034491651087,65.17229707949197
1944,12.13243439007945,7.414319771680451,27.847817021140088,65.90158149680813
1946,10.394540226458512,6.288763722234552,18.190472022233408,74.48519596472416
1948,15.044172026850262,6.85115785506245,39.56357520952801,49.97518747243053
195,12.525676306374576,6.670574767484065,25.469095426890544,65.95472566824402
1953,14.005261241756507,6.261150623852754,31.49918195126152,56.022191878559745
1956,14.83104125110881,6.490850843664814,36.711711711711715,51.32132132132132
1965,13.328294508501159,6.721806563670057,28.865717192268566,62.02102407595795
1966,13.265472901440885,6.814176583177814,28.93378914438675,62.49879059567195
1968,14.801912876727513,6.823328082428561,35.9208188816513,53.555536756619574
1972,14.65874252886537,6.78169120489777,36.75516756714936,53.46159301620869
1973,14.086015940698422,6.5656401558366255,34.61678729731246,54.973910116142065
1974,14.660964323750115,6.59047485916139,36.16380608250527,53.10219239758535
1975,16.068597012441497,6.80820386075315,47.80909990108803,42.624464226838114
1976,15.281901428288387,6.727787592729599,41.35090609555189,47.17148850935725
1977,16.10128462245421,6.612328583618249,47.1174742674277,42.474864471138915
1978,15.664309012098421,6.670025131273783,43.264532597625276,46.20779455180683
1979,19.517120466942,5.795737135950045,68.05459471924364,23.169606825781162
1980,14.290385960400652,6.905780721434589,35.68883071779388,54.82524913499294
1981,14.35582116158739,6.916924240768533,37.01499118165785,53.13440190891171
1982,14.806669952735923,6.700386397472517,37.25068958200721,52.67876087417781
1983,19.025230139363167,6.288454806926091,64.27359521481567,27.710358313682637
1984,12.427451950566518,6.694576637704076,25.752931769722814,64.40065298507463
1986,15.260948596121718,6.9052684793985355,41.49562502032983,47.04648212601242
1988,14.546322533155335,6.797927546583149,36.36003990505349,51.39323678145104
1989,15.114244264447471,6.7140719183566,39.59173143280983,48.14731207068915
1990,13.445493539243767,6.486750178531538,28.46359307862037,59.60150637888415
1991,14.621993992964077,6.76094958188371,37.005535877150194,51.86756315354105
1992,11.07083179471864,6.657679581904077,20.891040005877816,72.79306417839169
1993,8.64963854752769,5.46197228658835,10.237038190928681,85.97502401536984
1994,14.76409119366553,6.30092342328732,37.52674189353581,49.76886614371408
1996,12.835814715672937,6.297181582070408,25.82041180694366,64.60633817850142
2000,15.959015040529938,7.024232776483959,45.31386358887373,45.45767420135944
2001,15.803408729158395,7.024854885735772,44.69321693069793,46.23694148805729
2002,16.059687611527227,7.040223484604068,46.090867865328285,45.38368202375262
2003,16.69327652779873,7.591489756786661,51.60468370277634,41.514102658516826
2005,15.831124885053494,6.992555584729136,44.48403648802737,46.48541429114405
2006,15.470649599813733,6.998597841135084,41.76458707094229,49.31624033172145
2007,16.855121161764636,6.954225591922372,51.529221281712445,39.64784456587736
2008,16.18636037001822,7.780349750561849,49.12405699916177,44.25398155909472
201,17.866152226795798,6.476212649085908,56.01792302147087,32.64166678445729
2018,15.995112235176268,6.305527280826874,42.91481815175119,43.420047215537785
2019,15.957364970499793,6.304678862646933,42.729311530095906,43.71090800491362
202,13.760615130614534,6.598559538506239,31.005518253730934,58.138744665234995
2023,15.8793180380273,6.304750533733399,42.21577468205989,44.520714126852546
2024,16.177152577529284,6.624948302017512,46.81677331079722,42.65564006599863
203,12.941790826847743,6.560739809148099,26.923008073322237,64.11936344270805
2030,11.41439084365041,6.101935462023908,19.35876827246697,72.58250866529362
2038,16.51981133345813,6.661047181343523,48.74851164086844,40.90517568971195
2039,12.726696538522829,6.276021166306736,23.996089733010017,66.15714702857795
2041,15.735814920350935,6.617719632128374,43.95743233393265,45.67641770737159
2049,15.585112790684565,6.539364852062173,42.917672115918386,46.491973399494725
2057,14.908638448064398,7.042759933672332,37.94369975603828,52.80916071766156
2058,15.662979070111625,6.931887351968272,42.62992756767582,47.615908408157814
2059,14.58555756549753,6.818064071880715,36.21777206197563,53.52440443382939
2060,14.356834607602766,6.9368777875268,35.24329439805119,55.28430350242287
2061,13.353392677184752,7.166112019019295,32.17901087289955,59.78816592249224
2069,15.030375950540076,6.978950078326405,40.4443395712704,49.95189951536493
2070,13.235055816333075,7.442731734520199,32.45731204110976,60.14599409557678
2071,13.439497507624457,7.003501274187735,31.221095269990112,60.530890185947115
2072,12.955144720579753,6.853078563031608,28.541749696851493,62.728421338262855
2073,14.478993271573273,6.860552308065179,35.77922518488364,54.50251034669923
2075,16.801177058551445,6.868937684265262,50.77476538060479,39.76329509906152
2077,12.476571031401324,7.349348697146783,29.30617007828074,62.6518208781057
2097,14.262415194910249,7.198206949375923,36.507350225308414,55.536677254930936
2103,11.355814615923924,6.2614234931614074,20.21750130163456,71.4549707773875
2112,15.42043470409555,6.533476376563615,40.081441493715744,46.90553408419766
2113,15.329430281515588,6.56926175738689,39.93177568172945,47.96149024926535
2114,11.600298424008352,6.527062866486663,23.15422335796671,68.6730206966411
2118,15.434702523584923,6.473970038182643,39.789440929364176,47.44528575873872
2122,15.566071287974697,6.58878326642325,40.23325667620969,46.096353311118406
2123,15.137838037687926,6.758882914860312,39.31412866028807,49.515405757268915
2127,14.605304639978076,6.490656893343287,34.66121388863574,52.81144627722591
2128,18.638415180314293,5.9561365609102435,62.45462618205612,26.414183115487077
2130,10.860686961827945,6.488283587952342,19.619021916360243,72.85250030923545
2134,13.556284119414753,7.3662389516236395,34.809877450337204,58.01427559241085
2136,12.868693232356298,6.412935658209552,27.658363289444555,61.384552134175266
2137,13.550880944129846,7.595042615545882,34.95958215470023,57.670915043066465
2139,14.516236663329401,7.092054335627873,37.3320197044335,53.93628899835796
2140,14.843426634365763,7.217318785788828,39.45695069028359,52.08133939926317
2141,15.099346598059139,7.2813508942675895,41.088512043613875,50.42853772966739
2142,10.13134029464507,5.603352802340848,12.943409821527545,78.80362487529099
2143,14.843356742356933,7.2612750560966,39.60694493806684,52.00542326475273
2144,14.456432960697843,7.380292746130401,37.96432899520523,54.46546182622899
2145,14.809189863146106,7.273799352623451,39.613603072172296,52.17546221148898
2146,10.011156187382468,5.605370521008305,12.908385977279504,79.17739880161592
2147,14.696784132122989,7.160240554302531,38.61447125276857,52.691244118841986
2148,14.460785881938774,7.195636046808292,37.21116374276679,54.60497828397476
2149,14.178983395632335,7.177022619047797,36.06037992747077,55.429873139311105
2155,16.561294343326608,6.419605996341734,47.82685874240459,39.95084317607701
2156,12.617060631317345,6.410134022403001,24.841269841269842,65.00503905265809
2160,14.402621573242504,6.6732861488687885,36.213511966591064,53.69809000911538
2161,12.098055440782648,6.826156114140912,25.842875825332523,65.93835390683977
2162,14.289799582753236,6.417022176371654,34.31461671810917,54.31377108790326
2165,13.519889000506959,7.076637817883059,31.92975790962241,59.81869604677178
2166,14.823942661193493,6.958505125563983,38.31894767015957,52.004968627575884
2171,14.08130138676225,7.141889887383339,34.54917282217203,57.14343853651588
2172,14.97578215384314,6.75533167475385,38.691394597708246,50.98232837540373
2173,14.628795603352572,6.845535185139013,36.28996041816796,53.50335766728285
2174,14.179813423157038,6.6185343973907775,33.362096417968715,56.18765858218537
2175,15.730382836115924,6.959521939810636,44.64612011207212,45.827750030454375
2177,13.808737656030985,6.247701654924378,29.417812461290723,59.53424996903258
2179,17.13408192133508,6.7053336145466895,52.61189393374587,37.322001043763514
2180,17.22663240734464,6.990025342239647,54.26247725579748,37.30659795576939
2181,16.502073986259333,7.068028730505199,49.631791702795454,41.74370748507016
2184,17.274200810449006,6.734156866238871,54.369633755779034,35.90663825438957
2185,17.25160273804062,7.191529705880201,54.02363949766067,38.51391282935238
2189,12.947860534095016,6.474359715286971,28.188651098743474,62.86648688966665
2190,12.144611552148188,6.453397409798182,23.920033848106623,68.41548550877935
2194,11.413831530278967,6.330041549730877,21.61220182899533,71.46831233612585
2195,17.007568100591048,6.948205957351976,52.80213495996951,38.429279451010295
2196,17.007395124223574,6.904666882403513,52.45214458746972,38.42326509286087
22206,13.527763031993697,6.889465240438629,34.88660524450744,56.108889338868075
22211,15.691203715846893,7.3283828644755244,45.58560677328316,46.723894637817494
22212,11.466698678001096,6.779233650475196,23.01839403117382,70.16448745413804
2224,12.395733066341187,6.842707187500629,25.436502559077688,67.61594029166189
2226,12.007325481309817,7.037135714576222,24.669234195289373,68.40236841415809
2227,15.50766213024836,6.6787455416192465,41.40957357719492,47.847787492044354
2228,13.360002247713494,6.70633564785681,28.65609307413116,61.477651270322674
223,15.366244907726605,6.905507331894125,41.83333142313555,48.36850007449771
2230,11.994767336101447,7.0526456068318355,24.770159540187557,68.26031487156554
2231,15.655742708861148,6.647550185558844,42.24734887766367,47.173251262837454
22328,19.066840408427037,6.974523094958639,67.18940620633055,26.69853381540714
22330,18.695389816818512,6.789926943812492,63.424533309740774,29.026585862160488
22331,17.89102891836507,7.045010405741639,57.97986030011237,34.169182292929065
22333,17.38701383025751,6.7917551421783795,54.68825242495815,35.57751840216469
22334,13.721251039510186,7.855972321237081,37.63136568863277,55.596146177692596
22335,15.718840549389292,7.063841315748009,44.293704789308094,46.40600209750719
22336,16.968476119758723,7.25116098261098,53.141209110548196,39.08828722132667
22337,16.958313707133655,7.248501328497811,53.038407576289025,39.14087162399158
22338,16.989483456817105,7.2238769660696835,53.13780485132678,39.01110940684094
22339,15.343482510316948,6.976727088280353,41.911340742331916,47.8796169630643
22340,16.634037719998055,7.284640050835483,51.28048095865103,39.849547315021795
22341,12.725236044296762,6.881483965528784,26.22771702217716,65.4201651721117
22342,15.289199256650853,6.530052726324011,40.77257889009793,48.25244831338411
2236,12.916735803328814,6.288678197895633,24.684936987397478,62.998915572588196
2238,11.917342827824479,7.011819095171415,24.16650200882566,68.98900085622077
22381,17.031353537985005,6.882987829013127,52.38030638226823,38.30926242851776
22383,16.262664038532133,7.030606134789012,48.59511454246298,41.642408133991474
22386,15.569049560159165,7.046758600000767,44.0429425087331,45.91495950147791
2239,13.514185648074788,5.816875257272952,26.901464317588335,59.268502297292834
22435,14.695126298646919,6.846278437248113,38.37928078328746,51.61304877498534
22437,13.502099940470755,6.157227253817959,27.859389088030262,59.48255008466563
22439,13.126121171902042,6.068214383204103,25.05563613414675,61.48761611621032
2244,10.198688821309624,5.856412496872417,14.799869784766331,79.07244357970762
2245,10.323047783632019,5.887060888653896,15.49252681016415,78.01948995670598
2246,8.801699128315716,5.886565307022363,12.495450013452134,83.2932406982449
2247,9.888784328939211,5.941407419083452,14.525383273661985,79.77217785121944
2248,17.535273585394716,6.715252638378964,55.43171981059909,35.38582204448404
22483,17.505534309239035,6.5154362728823125,55.65245191197627,34.67310800490205
22485,16.462236126117197,6.9546539500072635,47.855457558564126,40.688725352508285
22486,16.2092863248983,7.050073055515279,46.256410256410255,42.57393747804707
2249,15.921778856341602,6.738255034855187,45.567052556090566,44.36840487654953
22492,17.874898620090104,7.074983464576865,57.45447989904453,34.43431455870612
2253,16.816726003522575,6.741725888880454,50.50208824213496,39.686713116992124
2258,17.820362577597354,6.744559721520245,57.46872785978931,33.77739578856897
2260,17.217942361515313,6.945527176573953,54.25111134446428,37.1661591235255
2265,17.821631886586236,6.793290720985819,57.65837541446497,33.982027158439855
2266,17.031649707238508,6.186132451121062,50.73430825356241,36.83545882573041
2268,16.77286301999941,6.9946282020431845,51.47886307892079,39.641946809022265
2269,16.89082897471567,7.007871193830497,52.17680948444959,39.07894249867381
2270,17.372865958182253,6.733771409365281,54.621267540067834,36.32905499767241
22728,11.949881595656185,6.149815440980898,21.460675302438876,68.11422864073218
22730,12.325130023157634,6.166561531815946,23.347681276487446,65.535060250296
22740,11.645004466250196,5.998464515505609,19.795379132358363,71.06427430256852
22751,13.672396325498195,6.41637029990613,29.904113826167645,58.902979688627696
2276,15.601094395323818,7.3254535231069235,43.68181568992928,47.37020996655885
22768,12.34451133966851,6.208346877557596,23.69880876080182,65.21095321236767
2277,16.200490269390205,7.610812442756673,48.45142869597437,43.417754626097945
22784,11.95326817872265,6.160833393023796,22.052455690935336,67.8842177808408
2280,15.427868747876472,7.060827266606036,43.62544296954772,47.32055979338099
22804,12.314056671269308,7.171335675715286,27.55197962257285,65.35635227881495
2281,15.121031041589838,7.57478323507534,41.98532122390161,49.52802261023046
2282,13.929804897543834,7.741709464585733,36.347094784258466,56.73186805871454
22825,11.94966570526516,6.987682570340468,25.675099562238096,67.36334237971946
22838,14.652318645633569,6.882753889415691,38.46190865777949,51.66514269214111
2284,14.644977099480295,7.830104696071272,40.691624786911376,52.79505855786047
22844,15.152781075387393,7.263970641822371,40.92504533391444,52.15851693892958
2285,12.01743267706691,6.244115074448669,21.879134786860728,69.6499453489041
22855,15.712603369723745,7.280839652582526,44.58077895617689,47.83158392607011
2286,10.351647659903417,5.945279153779848,15.449653003217476,78.11395345481827
22866,14.939891857942424,7.415156480115352,40.72939448729995,52.50724420266397
2288,12.349894457097983,6.458139531859317,24.1883941420469,67.95479556420892
22886,15.042666310299941,7.135493206446325,40.151172051910734,52.379241953367796
2291,15.435172271386886,6.106885453420299,37.860852379050066,50.70120476861294
22922,14.59028387613421,7.5463650474544925,39.44321320742596,54.14498618873258
22954,15.270886858919658,6.4037023915137095,37.953496324157975,49.198153530518034
23,14.427871665201497,7.16917772180395,37.78530407892799,53.59299072301575
2300,11.730131683401982,6.530103044487702,22.164569974056487,71.19780703901317
2301,11.811857110849731,6.510761486107468,22.31331509256855,70.93427333186875
2303,10.606050692065505,6.411183806589236,18.569240381320917,75.26452627123768
2307,11.742415240439232,6.4999187175639,21.985581634534217,71.39322550284777
23079,14.40153330122845,6.665628203682651,35.051831375259155,54.35729094678645
23080,14.895281076350436,6.684109468908571,38.09416623442715,51.2727415077167
23087,13.801733989930657,6.951459693038734,34.30369974464042,56.209988716669635
2309,13.218371284145114,6.110225383202922,25.242814864838024,64.24315252150078
23091,11.530234663968157,6.055705082480454,19.12869970069837,72.17270812548497
23093,12.547587631293505,6.65575583658301,25.564803804994057,64.86835400033974
23099,13.96241179368299,6.593729194403619,32.540453999656926,56.765967179369895
2312,12.112195976403244,6.2936369840974065,22.207265244899137,70.64094921251515
2314,11.97867764057951,6.356396953609749,21.322384105960264,71.51682119205299
23147,13.387659723346285,6.23820335857285,27.765482997629665,61.48488490962401
23150,13.121878974561167,6.653740863562038,27.519814700879447,61.4104930452511
23156,14.100641044171677,6.89609743853005,36.06872026753332,53.82930620319344
23181,13.169256490193673,6.341841914235576,27.40222682258155,62.236893638449054
23186,12.686786368038414,6.672875450624618,26.41089045153646,62.84161450686449
23193,14.281984894379637,7.149380437449025,37.54550321199143,52.54550321199144
2320,12.95392874612458,5.9956059783710955,22.999865883979325,68.2402946425808
23203,11.386711196773787,7.03827843248303,24.47624871774639,69.70429259054683
2321,13.193607403503647,6.145153674979758,26.107394505581503,62.74245902937218
23213,12.978264738558899,7.221487462836345,30.58791851782811,62.40718302420232
23229,12.314615958001953,7.386953634623246,28.452205487608467,65.05285556716025
2323,11.378428527567095,6.4408640827080585,20.560093808815267,72.96098853995251
23246,12.430902416456341,7.399428283968173,29.1397257999232,64.618641868961
2326,13.39815405223877,6.145661412822269,26.06698396598135,63.284633090157214
23269,13.083314359316942,7.1639684954774365,30.624023233205765,62.017154178408376
2327,16.90461069368149,6.3371936367486015,50.8496247129113,37.841250799112885
23278,15.085947197848343,7.1379659181122115,39.93948562783661,51.033408028391705
2330,16.510220492033405,7.077383394214318,49.70270587279962,41.5661400485415
23317,14.263518510391702,6.49521196854921,31.637198719925152,57.70118119863486
23341,14.263564438789455,6.492866607449168,31.421028909922093,57.65672955164939
23344,12.642538863558022,5.959612798116039,22.50171166612092,64.07783367566657
23383,12.694541992850473,6.196163672166624,25.498594428826987,62.47993866598518
23384,13.555016381648711,6.389432059290546,31.00358052031376,57.33385764844672
23395,15.188722904666445,6.726852800221493,41.1091284095386,48.63966072628676
23399,16.703942674610065,6.715834381211398,50.790158568323896,39.6769606396394
23409,16.98967522105488,6.848890442118098,50.901905025846176,39.458495499512
23417,13.291652186075355,6.377080902241209,27.54957734708964,61.225211326455174
2342,19.263722095696533,5.935681346280682,68.27186892801,23.660134547975435
2343,16.962145980491357,6.951973429563928,51.391452692358165,39.69642622807401
23435,14.567651121825481,6.630791893725722,35.66269305302719,53.8070350578425
23444,14.878645766596488,6.749863392716469,39.816491770095354,50.44079262771001
23448,12.933877953244448,6.911613330244728,29.06560995443574,61.81121164792896
23451,11.114725141228819,6.219299496657064,18.56053435733795,74.12855945266233
23461,10.680171608031127,6.003858122529508,15.655800465927047,74.9279116367724
23516,14.146543218018165,6.870360329283161,34.613557425334925,55.345586605153976
23517,13.97603568014132,6.859386084331959,34.010039864166544,55.931113032840486
23520,15.587334668884104,6.964996058637446,42.486972456049934,47.89077859856077
23522,16.544591824223915,7.206126707200259,49.63470757430489,41.81208053691275
23534,15.565813795312188,6.96428798949536,42.36728581517439,47.99833229811022
23536,16.53682240570539,7.2050788902102845,49.60359589041096,41.88784246575342
23553,14.064795760727288,6.767016472789233,33.912841236154314,55.56298514405326
23556,13.912206148233626,6.86529310381343,33.87021429822683,55.94332094127723
23562,12.391411217137941,6.8556573600745905,26.141005346646445,65.58552973864529
23566,11.8342158340487,6.753207190177162,23.6672844216723,68.93055706966096
23573,16.517928952901656,7.133278480021093,51.576610973660365,40.307686042131195
23585,17.200362983249057,7.328736008981059,54.77610620338616,37.63204182102253
23588,14.91057901369983,6.304112206560244,34.79793500261536,52.40499420072321
2359,16.800223890877717,6.963748834117061,49.63344533614729,41.574796589930855
23592,12.483448047740456,6.9004507867775615,26.148643293085684,66.30558271024334
23593,15.093669789023638,7.2062730554395955,41.6654632103401,48.97104484078273
23594,16.18431688396222,6.905530294648632,46.83251047731434,43.58389226804571
2361,14.939544619966231,7.526058082176744,42.039847840006026,50.59244472901209
2362,13.994316527815545,6.969022218388584,33.93378484520652,56.70969367339983
2363,14.798928535998492,7.192393817824979,39.824833791154106,50.93196385206418
2364,15.5513480389028,7.1206767397499044,43.7187460526218,46.76816537006903
2365,14.774750002984472,6.953347959390227,38.788935756002594,51.57365347177157
2366,15.111619066341673,7.30147615628407,41.53845008671833,49.47931786546377
23674,14.240824763240958,7.055725655603158,35.320594022046734,54.63709134032288
23676,14.504486124448496,7.389751966371084,38.47024684771435,53.76387461125064
2368,15.388136245090902,7.336974422502604,43.507769384320326,47.630044228736935
2369,12.128440462427728,6.98313856495727,25.366945442299055,67.74528513695554
2371,14.192171088795423,6.735487946992132,34.715844065537674,55.202885743672944
23711,10.406910279433365,6.6584267198618035,18.773099544455498,75.54303115138566
23712,10.281415756121705,6.674656058512719,18.526148969889064,75.9661099597708
23713,14.775200463718768,7.322984219002331,39.768339768339764,52.65610438024231
23714,14.099753814863716,7.140657876828766,36.710166982843084,55.310721507640345
23716,14.547078124414337,7.225582298527707,39.53613528869938,52.652060068513705
23717,14.407786016346238,7.268832413856487,37.51079750642647,54.61612913297324
23718,13.629462752564157,7.681668055505981,35.58845964014897,58.52739265042401
23720,13.148199602082858,7.2430801091025065,31.38763170605177,60.99890878517379
2376,15.486413852395172,6.541485622793335,42.76086736683954,46.24174744658413
23768,16.513565623775094,7.0272546748987175,48.94231273948874,42.16051650831977
23769,17.341537968842406,6.9616837579953765,54.533890219857106,37.057688638242844
2377,13.32673657615379,7.074619826629094,31.933838693495346,59.91026141240734
23770,17.303058336880042,6.971235629234535,54.29911791628527,37.327327952067904
23797,14.958056603078461,7.767953685888988,42.3535648025444,51.15557911476279
23799,12.459086398688099,7.04827861909118,28.051510041391996,64.7145996218509
2381,11.394071719520614,6.351917865481164,20.208333333333332,71.82040229885057
2382,10.673654807196534,6.014108690542981,16.566968927848652,76.46164339143755
2383,10.759830896312028,6.15598081256486,17.559123891427035,75.61587386903163
2384,10.78137662321123,6.136418726127894,17.48983149331784,75.44473249005497
2385,11.422684295499614,6.368563188218454,20.35235115092803,71.35896666523783
2386,10.755680906055394,6.193363497910989,17.738054314197317,75.72383814413556
23865,12.647227885246393,6.582945689599731,26.6257332383093,64.93722931856806
2387,10.777530390618507,6.1784434024462165,17.666821901403765,75.57824939569335
23871,14.769533327362783,6.65839065256255,37.50652514355316,51.97494344875587
2388,10.597483443676927,5.996265755737391,16.039347025684247,76.87641396442355
23887,12.783111791280863,6.550845371499935,26.919730857753255,64.49282544297246
2389,18.155742042740833,6.723080098697244,58.91619585687382,32.92749529190207
23901,12.674807453125528,6.578077272081363,26.694672311899094,64.85071006439094
2398,17.018267390876208,6.304057012195028,52.84689465408805,36.01513364779874
2401,19.044747785579478,6.762516408895466,66.32500429121404,27.41840563007283
24031,12.918325306989406,6.558009634460636,27.1703889532597,64.03325077333561
24033,12.43304916501546,6.539108362304158,25.232176783383043,66.64083976352462
2404,17.154707214318123,6.293336528998485,53.94774035254345,34.66865664891512
24042,12.300796805229574,6.806786228021411,25.404889228418643,67.40132416603005
24062,15.874928597516336,7.0820611119618135,44.83718152325881,46.309945568812694
24083,17.141773911104675,6.962888282702412,52.93020394271801,38.21569756787182
24097,15.469919660894066,6.977995458529907,42.803438027150776,47.860872359225645
2410,18.92643139446271,6.375848158498639,65.29762781788713,27.093462992976768
24114,15.524541154323034,6.990408151965525,43.337248512863255,47.4603114462168
24131,17.275694333630298,6.90383428448758,54.17149777125042,36.92896343820051
24140,16.128222605553372,6.983847919348355,45.60255196315465,44.91032276450418
24143,16.062525572116453,7.029495175156083,45.37842869326779,45.08404941169997
24145,16.15418730123653,6.985698740876202,45.65523331217749,44.85407066052227
24153,15.002390400194127,6.83846121780009,39.06275429610837,50.36235699583552
24154,14.889371596331388,6.803074326029507,38.19924413643056,51.51969840480902
24155,14.843417197450895,6.819511955713682,38.002463754382646,51.76726997062446
2416,16.81054532096111,6.8253836029925905,51.19662084143417,39.59951444333692
24173,15.018974083678698,6.77343748156417,38.73701603096659,50.39590082521883
24175,14.927159396416467,6.806481784858356,38.37308743423377,51.10710368290915
24177,15.578174874045416,6.685539068118333,41.85171803637105,47.00073186774502
2419,17.674490798008378,6.676733965180814,55.28268047120205,36.07182162801125
24199,15.095329112701295,6.862859388238302,40.17860557616552,50.10899912035798
24202,14.7399127721918,6.739871068794417,37.5240986858649,52.643637481256576
24204,15.255879220531465,6.752548449198043,40.78811501716327,49.22462952454487
24206,10.633554876912115,6.020618017098127,16.35460251046025,77.4411610878661
2422,16.603509729290398,6.589018917572245,49.752667551752964,39.958695972857356
24227,17.748510319842442,6.6650605537826495,57.6530612244898,33.62671761931864
24240,15.020191467391756,7.228991404316593,40.03002300463992,51.690256170312324
24242,15.585045200546267,7.132278345801432,43.145016541995325,47.99798197359102
2425,16.36625179774907,6.188251518708622,47.33584232940478,40.70020798256908
24263,13.523997458651735,8.142975158019656,37.64443677947439,56.62319744225846
24264,13.72848123712607,8.014391783014108,37.81244601544124,56.40173813668557
2428,18.26546637419788,6.832569411582405,61.862083868839775,30.99075327275002
24288,11.218957005144782,6.533230670663596,21.39730241362991,71.25414103170847
24292,11.246628927673294,6.540084943472063,21.575507801000885,71.01560200176627
24301,14.89728145676189,7.0789933443799224,39.89436290548752,50.21968776292418
24303,14.407720777822963,6.764753631553235,36.515337423312886,52.85582822085889
24313,15.447680509605878,6.718650888545862,42.11943518495989,47.51453806661963
24332,14.664300024633931,6.96875506150588,36.90321861191263,53.83543121593555
24334,13.499095212882574,7.040710991307303,31.24461643289665,60.396230538806684
24336,13.833172260565012,7.088839545455001,33.332478785858946,58.04855538749455
2434,15.181865926574895,6.886687618188507,41.287635757031374,48.5692287950725
24352,16.391645588950404,6.979333554939744,48.723449903454195,42.15146964170779
24363,16.044852753405173,6.846045402532197,47.26725306990806,42.627866180623805
24364,16.26236729426547,7.055188015625564,48.37622662469913,42.097142504474476
24365,12.48958780942793,6.089872171501273,22.587894971072544,67.63017356475301
24369,11.587942865250598,6.803107424120202,23.9626959784521,67.87588161111024
2437,18.054237358974554,6.21142248640024,59.31557076509411,30.15766316304082
24386,12.355159684816956,7.196519668041684,27.225037581167573,66.63567188928666
24395,14.152744910967929,5.9058191774239335,30.25032880792183,55.92017304535919
2440,16.73635526626663,6.7152413253087255,51.43347760159867,38.331843788598455
24413,14.635717482480088,6.3505611881975,35.4444151043042,53.526274095590175
2443,15.211047763821304,6.622322989153149,38.77020842908815,49.47642932795108
24452,16.34281240890604,6.493255189476562,46.94928282403446,41.45987730417253
2446,13.301253853783464,6.688962272723444,30.607448005436176,59.89818311443816
24466,16.020254718288893,6.320013919841472,44.03364451428043,44.15010629448193
24468,17.046246113368447,6.2394937788734115,52.56795979045731,36.086825711454054
2447,11.165670396615983,7.136781515736601,24.3373240178352,69.96571054079041
24471,16.848775630144264,6.027036170297427,48.05735745988392,39.71730966200068
24472,18.016403031273004,6.3905582986984015,58.26548071205815,31.348517758982634
24476,17.994393021627744,6.418139327471741,58.155184593077294,31.51156882428028
2448,13.644894194779043,6.686291709513159,31.931764095019687,57.338496819696246
2450,14.678636105276636,6.493861994234388,36.65412380621281,52.131945438557025
24501,19.10122925902871,6.743607976987441,65.37118146033154,27.74740810556079
24503,19.10020843175601,6.749091351989253,65.37007142699188,27.77470644169744
24504,18.30668927457709,6.71393816648086,61.03243382888278,30.946006247211066
24505,17.183030820289872,6.660989065871051,53.22479442554737,36.493180542254215
2451,14.75900524628027,6.528193951352364,35.79375708251777,52.056248068404244
24511,15.482814179087846,6.96176670271794,43.01342552869328,47.63539090496139
24514,14.14355884836154,6.864681034524775,34.88307839148017,55.90259462989475
2453,14.837077263764993,6.4952329317816115,36.192567567567565,51.98536036036035
2454,15.11552295214638,6.679071725402254,38.79045081882577,49.74289077504492
24542,15.575941279226974,6.884997702059367,43.08597765552455,46.89854614055105
24549,16.599794778487826,6.488424111676672,49.31386528260994,39.80722066959448
2455,15.349852473933742,6.50520057806771,40.50151590432058,48.13680656249683
2456,15.167852366185992,6.712780856332246,39.02149840048321,49.60850987673654
24561,16.222638024402166,6.904633371799536,47.555251550817275,42.43460622213836
24564,17.788269817318096,5.9692847573429875,57.601713062098504,30.921682081188205
2457,14.965154030770382,6.52135303441015,37.77123529345664,51.105167938330844
2459,14.745482903081056,6.541332424731279,35.775138297981925,51.922779763683
2460,14.555033016656504,6.990708921607015,37.07837468343082,54.147336336538245
2461,12.532384294004972,7.310181419162754,30.104429640668616,62.287442863974555
2462,14.896694003912359,6.938023039938851,38.79143592974545,52.26757745575931
2463,15.236525315069857,6.751052710053636,39.59798538953673,49.28308906937701
24635,18.15845080470285,6.765815719656642,59.925017642907555,31.92836979534227
2464,15.36753271629115,6.697607117730738,40.1072470625345,48.534928520734056
2465,15.111589216554593,6.757595013333356,39.00070169185703,49.94932225476983
24654,12.486204655120979,6.874788945662933,27.01758003815023,64.33159766974275
2466,15.501196988227878,6.343193970045393,41.30530973451327,46.766592920353986
24679,13.980515861730375,6.161375414217915,29.076349275998243,57.82141290039491
2469,12.904527316698115,7.164825753513029,28.92240274119484,63.15587049252931
24694,14.06025406566017,6.814260782335423,33.72392616383722,56.770079647995864
24696,17.86020791677302,6.244463761322492,55.22940456769984,34.356647634584014
2470,10.261208066972195,5.927057008583964,15.206126209120221,78.53638876093966
2471,12.26549818147108,6.335780396477444,23.37987154045771,68.09295116423799
2474,12.762439794353122,6.785912689321436,27.136088686492332,64.28390717357804
2475,11.061788320810278,6.411177274223944,19.68358831710709,73.70074177097821
2476,12.90951743488377,7.079036995052254,29.425427451160758,63.166185652358884
24770,14.33942018112182,7.152183857976586,37.34652391923024,53.993766092966524
2479,11.920155622949235,6.735658030887487,23.504338029477694,69.13553002938477
24794,14.767859195597525,7.1497625261736655,39.773634335536954,51.02642297222621
2480,10.451196166047128,6.288291960174135,17.551326412918108,76.15340253748558
2481,11.39826011854673,6.381075070511122,20.750861079219288,71.84156142365097
24812,12.413971407066217,7.1832230664710774,28.229754425280458,65.12865660890792
24836,15.59850712297463,7.433560189448709,45.05186870372515,46.96654928378277
2484,12.34759582385681,6.9370103047333584,26.074826939550388,66.04658162202209
2485,11.28793128404766,6.565081895466298,21.29992898471425,71.4495267587925
2486,16.16495946760727,6.421954920963263,44.63942808227102,44.18827938828864
24868,7.257455376783681,5.065029868366404,8.107749750726606,89.76759233722977
24869,8.22654343652647,5.617342719089857,10.291861552853133,85.36326785157468
2489,12.599851392966505,6.611102116956049,25.60680308020703,65.33963758219815
24890,15.13245043292433,7.279716526623449,41.810143416843395,49.90115380467992
24893,16.6883702510405,6.635722313195548,50.53716608594657,39.515824622531944
2490,11.182760254534552,6.51153409470862,20.304743123788995,73.1165659646186
2491,13.064113896390007,6.032538041411181,25.300712367161044,64.94920004671259
24919,14.90678268370966,6.865936202610069,38.759222613914844,51.54441925380372
24921,17.35794134656896,7.0095283314255346,53.31355420031867,37.93088291852096
24927,18.46450229421677,6.873848820549197,60.91704016170137,31.354908164162055
2494,11.917428846410637,6.750101914196244,23.110314569343746,69.04232662608959
2495,11.035637869716009,6.256462867538927,18.880743995245144,74.00095563299031
2496,11.219685522700622,6.578459891194605,21.181407963339645,71.64433845362512
24966,17.46918327807993,6.806805010056438,55.55994977408224,35.61393274868256
24992,13.039780935907773,6.859833015365175,29.108335679369386,60.575077419189725
25,17.004072777115752,6.781049738550955,51.777703724590495,38.64294686114173
25000,14.045984592953774,6.682004723464772,33.45961401000715,57.076483202287356
2501,10.781488684744806,6.790055145316542,20.684153423958136,73.25802540047228
25010,10.858056538635397,6.663716877167265,20.750652983919885,72.68237129098945
25039,11.23972745924764,6.7640215992078545,22.47581962065067,70.5690239919608
25048,12.935874107821693,6.479105299903824,26.790595954073265,64.64173303976474
2506,12.925222002205281,6.673783012010956,27.18175230339211,63.64608854687878
25070,13.567109069704061,7.34275507613086,33.80060346995222,58.76791551420669
25071,14.108586686466852,7.313216502919549,36.492600739926004,54.61203879612039
25095,13.77681238231484,7.146279470722605,34.34979807393601,55.61851506679093
25103,16.376841030227087,6.728531836006297,47.12156170828809,41.64065327542526
25104,13.415150716148167,6.995711747484194,32.063655270721846,58.66964223120604
25105,10.862770475523682,6.317504698572859,18.988164910911692,74.745504203171
2511,18.145048698658094,6.249640348598521,59.445614626337516,30.10700143230264
25168,12.251633545588227,6.2397777213793635,22.552637026753857,68.14379132722024
25184,11.296926041280821,6.535452345199499,21.693439571370885,70.73562290092876
25194,12.304471578505002,7.05556470706368,27.405297798775084,65.10615600026671
25208,10.334298181041957,6.465712637923759,17.86023814906926,74.8323159243349
25218,11.133033433906931,6.465681820697557,20.75811018927915,71.98867305877093
2522,13.447765266101023,6.987107527009328,32.7038852296553,58.97620861451753
25232,13.332055121156875,6.082552077869298,27.70129810135354,58.788746708550846
25233,13.38380883530207,5.964936825606206,27.287495103573818,59.37118366782644
25274,13.282683725520675,6.060559483044832,27.138549075391182,59.14310099573258
25276,13.464394182320637,6.383170593038214,29.619484580793902,59.68408317925541
25293,13.915152038481809,6.604400540641495,32.50091432751211,57.00489165218981
25296,13.308850119456837,6.360358373946745,28.58347962882743,60.96304233829598
25307,7.114265022932742,4.426730181908846,5.650410625570313,91.4833215046132
25320,7.164836793402897,4.445615995976959,5.75177790341298,91.39464992412294
25332,14.779339775903393,7.167906553493014,38.636964569011106,51.56222457253657
25344,15.254617030456517,7.295796002862278,40.792548464601914,50.27592184225828
25354,13.840947494290203,7.145655331896261,34.06826581229009,57.6170200806599
25367,16.211844883719895,7.17496376055004,46.77080368675701,44.234516277338706
25377,13.814537859325736,7.123376411754581,33.86719300719019,57.80064852671648
25378,17.772985679622728,6.635687456617934,58.34543577540201,32.7824535003762
2538,16.266698643753067,6.639232875548653,46.21320476146535,43.219987081295564
25383,16.74427004953159,6.52464279827056,48.69356476779614,40.837641953651556
2539,16.467120662563463,6.845990640805406,47.72819969002365,42.50055352918555
25395,17.756658756724722,6.6422188096450006,58.21225154016041,32.92232584339988
25399,16.36056440275278,6.767978307369179,48.06644907692774,42.43100956923295
2540,15.056567159846827,6.538827069846555,36.290294657387214,50.493403968006646
2542,17.061433577472148,7.272626518549943,53.447054727920964,38.24592151543162
2543,16.003916042074888,6.7058487147174155,46.323483708961625,43.00312022177194
25436,14.466366387023344,7.293373617646069,38.92981051507873,52.48198558847078
25438,17.298260264165517,6.697054967285864,53.59766227007986,36.3228789304085
2544,15.203344894593103,6.691572177691745,39.284190827404956,49.4378930276719
2545,14.059735937553027,7.397333983997559,37.05497586045787,54.804547578258834
25453,15.429116719965965,7.100081842545629,42.05238335859862,48.09920835438774
25458,15.002621853533991,6.976665936938865,39.93318443367656,50.71074348879468
2546,16.63744086822488,6.985360581759223,50.58127004652696,40.6039630319857
2547,16.81807303537326,7.017185049221013,51.72994084920944,39.683775603752494
25473,14.008553503022846,6.848382451011611,34.1859677220648,56.17377109769619
25475,13.698745021389064,6.00642795648006,27.60586016265002,56.82333945937098
25478,16.206059032220143,6.744341678944398,46.66838284508057,43.66884621325233
2548,15.264468761052612,7.056376142890742,41.54731377822253,47.936706485708925
25485,13.846246784988514,6.457184800967315,30.813753352279548,58.74954969379178
25487,14.593352661079539,6.748993683302967,36.58270644252869,53.05339619237377
25494,15.920081183476267,6.431812847276476,43.0294017353086,43.327776304323116
2550,11.483638094710633,6.836424109838962,23.495166959578206,69.74956063268893
25538,17.19558009450077,6.48338327969029,53.57557903840436,36.06794410961866
25585,15.375304677911268,7.03971294264951,41.59469009177013,49.08107179663346
25604,12.342565230923306,6.262062466864286,23.44732374396,67.30658010111752
25605,15.926357938100484,7.632120091969158,45.29167714357556,47.88575978543291
25607,14.73029260005781,6.916172084473543,38.005626969017975,51.49519012079451
25672,12.414982195005008,6.428386422008686,23.774832231528816,66.8825870481075
25673,12.710931755874789,6.5317036220921025,26.128031905617604,64.63692953923375
25676,13.048708816046133,6.534420662287386,27.15400645609447,61.42115801086913
25677,13.41008618994363,6.48854563668608,28.67992059672762,58.4802093358999
2568,10.517805608656609,6.116434041056748,17.24133916930527,75.76480722667164
2571,8.93654168897863,5.853799478799951,12.417212802108256,82.9524833269762
25711,11.114770950154124,6.584184581547101,20.427471489794435,72.41773806929615
25715,12.62251912269159,6.532951594736737,25.599806611470356,65.32042925346848
25734,14.202148976764434,6.902196615125337,34.698086794213715,55.8656089594027
25735,12.741470794140012,6.514185737998355,26.00211886484421,64.6054048421272
25739,13.828348327787063,6.83900738705682,32.99848793636184,57.90940766550523
2574,18.03106507798007,6.286963361243554,58.69152284814936,29.955859473931763
25740,13.798992566528968,6.8520314307797685,32.92903124509342,58.01669545192861
25741,13.690745707852006,6.8140185513880915,32.08269257654131,58.58730602544387
25749,13.802498499213783,6.86694719774994,33.028174571856994,57.92360508247179
25752,13.8187170377263,6.829192181934102,32.894668128884014,57.996501122774035
25754,13.815944476650266,6.843781671310109,32.96704730831974,57.92626427406199
25755,13.858790562824959,6.757328453368024,32.73633062606346,57.61046888978546
25769,13.538713033770714,6.731708210189585,31.27462310237958,59.519619687976046
25771,13.78738428225449,6.854016638225448,32.88969154463246,58.039862327090944
25773,13.7896654327844,6.862792754561983,32.96047043449853,58.01372100620712
25775,13.690657124180133,6.805443352276549,32.05472244146277,58.607384021748665
25801,13.836146909031376,6.845528131625853,33.09556278191545,57.79660127976503
25803,13.83215590899904,6.835027241426157,32.999725622901344,57.89226125926022
25806,13.843438554349962,6.805641113986943,32.89668556253511,57.83795516061488
25809,13.727355186884154,6.773113745439226,32.02283706631533,58.608695652173914
25812,17.74175292306301,6.606609377436553,55.07100220774619,35.4438660088855
25826,15.736280437408864,7.621374858650107,46.44431564711874,44.95407204454045
25838,16.510239158587797,6.775433190807832,50.51949361981137,39.68494140986197
25839,15.844101903405807,6.645254548266831,44.08330605309514,45.0661740635084
25859,16.49068249214107,6.717102838890859,48.68878210336529,41.17123600374523
25887,14.387058707108192,7.706682162258809,38.96787733262748,53.85887958253767
25891,17.002739698794613,7.2296861939131505,52.24202938979726,39.91739181297074
25897,15.465644801940533,7.252422318681562,42.78878244601341,48.98325639989095
25898,12.992914844167933,6.700537931811827,28.214693500448877,63.19652055678064
25902,16.727065617833393,6.545465836291278,49.97513459750481,39.04624964864105
25903,10.96944895694151,6.050801806428099,16.607889018886844,78.29099114156777
25904,16.284346731742467,7.1847619731657195,47.45038551643045,44.35907332441724
25908,12.532483311842169,6.676807432168585,26.924198093346146,64.76361162994073
25913,9.942533548968031,6.27858306530115,16.438626359936883,77.68873017191264
25918,16.580548083235875,6.8223096150546025,48.56524843099021,41.573165404000044
25919,16.450451774940447,7.528565370629328,50.80256979508439,42.24542721860941
2592,12.916541996073144,6.575029952238994,27.40896513558384,63.14775871610404
25922,11.661295906090807,6.8082331786925145,23.512886283131795,69.17185782337853
2593,14.317924369162988,7.4392061195454335,38.57650705568682,54.03182103916936
25945,16.97735124245308,6.745898917126997,51.75315415346766,38.511696765836085
25947,16.962140894528186,6.749616818650387,51.64342996849083,38.64984772322511
2595,20.38450972441771,5.569611618114408,73.71440602136956,17.603031738512552
25959,16.978271501051456,6.740570895882603,51.73413260432792,38.50224520492298
25961,15.652217650518079,6.648195351281975,43.10862300176675,46.17169373549884
2597,12.003358493976005,6.1595703213469255,21.81552321879201,69.63515011438409
25997,14.529599536056384,7.0786214534358,37.16102307210635,54.06170223014306
26,19.61772534491613,5.85708477884128,68.56331106503877,22.56008600168932
26002,14.546386261314762,6.7651675851810475,37.386225895316805,53.13168044077135
26024,16.65713788188285,6.892517025916865,49.79782616760025,41.25211756995709
26026,16.62751198263803,6.502830396257408,48.6301706753234,39.909497811224234
26028,12.700055115352164,7.707842728463404,31.26448963370206,63.212337992095556
26042,17.330976184231123,6.852663057507843,53.85901883052527,37.33523290386521
26045,12.831143295279842,6.9864659889643885,28.296350120172153,62.93294580142717
26047,12.791699596241077,7.36180574211176,30.62331626843426,61.95021246262231
26048,12.709895883675403,6.903387219095415,27.156054753555598,63.76047989462255
26049,12.678941144458179,7.2416435282770655,29.44919396406164,62.867248458134114
26050,14.63837125772289,6.73755580613673,36.92443750215351,53.20730012519095
26062,14.944902169965637,7.296053615794773,41.00603834881175,49.67512977153148
26065,14.971535465576805,7.049145394137902,40.00896258122339,50.24512659645978
26069,14.929912599072738,7.040066025103258,39.71198591372154,50.647717268268146
26074,15.226694423732736,7.162463663555339,41.570674991925934,49.08135070154663
26079,13.733433908509873,7.300604209843732,34.61011201500749,58.51205829830985
26089,12.707446012498197,6.266664639445175,23.5643279658232,67.44577719355898
26092,12.34562987196633,6.387493694354111,22.867314802136107,68.65280413137458
26118,13.969791283311075,7.216164839474362,34.237141799942435,57.30173087201415
26154,13.755014637800732,6.857195982764253,32.307197637307674,59.1185156957081
26157,14.399408260504494,6.819816947538075,36.50602553252357,54.62672690212532
26166,14.385834842901753,6.989644271730604,36.56398667935299,55.22835394862036
26168,14.178788274868822,7.171178444307952,36.51926668808071,55.37313965523395
26170,15.408830478886106,6.354960266291886,40.99696034024966,45.80274650679418
26175,12.519875213827126,6.996914124038577,27.038978432549758,64.72082390430887
26184,12.581348156897672,6.329515432615975,26.592316368574913,62.534815735561544
26198,15.475528957706848,6.34883586297487,41.66898134170642,45.35716442243826
26209,13.99372215320339,7.291280525287702,36.42112109459688,55.89213017608942
26283,11.964062206807316,6.640270818157426,23.730218480748903,68.74500946775261
26465,10.206418147828527,6.399800249193032,17.590702775154597,76.93971425960338
26471,10.255507995898995,6.459539504812676,18.49710107631057,75.87611074948153
265,13.672178061668083,7.105280470176393,33.92915219399238,57.8386605783866
26503,10.193600734525518,6.381645660684724,17.470663012249158,77.13735662167225
26505,7.919809429419362,5.030599479951005,8.443911914206401,87.92950755010456
26521,15.405442740677556,6.996374139497285,42.916045380875204,47.487844408427875
2658,15.283760064112306,7.289490408084687,42.375732046396394,48.82986218966157
26593,15.134373884147974,6.95141236066135,41.1592885150878,48.63556288003637
266,15.085314479390988,6.827582119402302,40.09496466431096,50.2622570671378
26600,15.591238898130221,6.738242892296738,42.79661016949153,46.51904501549116
26601,15.959328297978761,7.050378566445339,45.779141377087086,44.31734809577803
2663,13.620696825701833,7.076909322128581,32.42518940272072,59.49146412707833
26636,13.216621455687303,6.956716138794287,30.756059595285745,60.05892817433845
26637,15.671067105352668,6.418966622732667,42.50239197615722,45.97323186222218
2665,13.017127969115252,6.553200123636123,28.37528046044288,61.852502194907814
26653,13.773850458638284,7.218520848527296,35.501316209756475,55.37112709409523
26668,16.105545907888093,6.501063698926628,46.14790542702369,42.30739527135118
2668,12.393469852917038,6.592204757830838,25.390220156402123,64.80481140667692
26693,15.203211623200225,6.983737786925552,41.733345526039045,47.99048968954323
267,15.222677343449192,6.8465033397206225,40.554603965535144,49.83909477836603
2670,13.584380140724408,7.218938549237816,33.25508299000339,59.15883506770755
2671,17.05186412371976,6.620755200535882,50.84613488868808,38.08291574249021
26718,14.320332676525604,6.86951992664905,36.58501202022714,53.74595871673713
26721,15.018259590030905,6.569421875389477,37.65090287249853,50.306386270637816
26740,13.152385972802419,7.3232415551741905,32.2588552518691,60.078849532213916
26741,14.338813245577446,6.874363582671185,36.68589848883049,53.66294349540078
2676,15.417933730285231,7.411434615001988,42.99642635177129,48.64512119328776
26768,10.559906082240367,6.701415562658641,20.235353985115452,73.77011640480885
2677,15.535097337476033,7.157923976688087,43.04325406454744,47.83881339480708
26770,10.174352160436042,6.194582597394546,16.611426467040012,77.62454442708928
2678,17.746418418319156,6.682781227745254,55.6191545592726,33.951826036945235
26790,13.343788008666031,7.379008740165857,32.62604940068909,60.28170039307032
26793,12.750097248313846,7.242810911588203,29.092574955695667,64.23585576679646
26798,12.659690182386198,7.189418844519045,28.46426590125184,64.85322849079814
268,14.187556608706242,7.0272015723788535,36.099531005732146,54.94398124022929
26800,12.852227927493063,7.028625950183442,28.881266724818524,63.37911559898875
26837,16.56471404691918,7.264242302611645,51.0862669354725,40.63385543697396
26838,16.484538190376295,6.917641996493012,48.70875742431775,41.98042858264214
2684,15.684643620413748,6.885407269342158,44.05379002352566,45.85709159057379
26844,15.498439617786488,7.0743872886717085,42.09517303687707,48.455834554489265
26846,15.619358220768122,7.154199417774479,42.8546489298558,47.95572780280018
26848,15.679301544005982,7.020642707233318,42.84201586128545,47.25736535004026
26849,15.627437840532156,7.15529425315113,42.91289214939471,47.837245549683
2685,15.06687823917753,6.983452811794586,40.8229742757116,49.52356791313613
26857,15.23948452557697,7.054253259834561,41.01265200231154,49.33543175418967
26858,15.723430730993144,7.026544648767252,43.69131059201886,46.591871555353706
26870,15.706873359094937,7.096653210021483,44.13333992046044,46.745547513771214
26873,15.70797754253,7.040722964123609,43.64707326052276,46.57381273775923
26880,16.571443164328727,7.25346092962708,51.04117103753254,40.677041059083656
26882,16.516793880809843,6.895512181743348,48.79734586674039,41.81839725107627
26892,15.572215148567084,7.137881815058743,42.53055892507231,48.32509097695251
26907,16.70908712117867,6.842712877362097,49.924585218702866,40.49031970922039
26908,16.492328898325816,6.921423122388693,48.814797448205226,41.90594884071025
26939,14.07309099181722,7.280849469414275,36.168373521545014,55.80551007332527
2695,15.004000217179659,6.962133934914689,40.41358409840449,50.061898961087834
26974,16.8206578167932,7.0501556599169435,50.97192429620912,40.28170618272936
26976,15.470626208069797,7.484886023759786,44.25396343776075,47.43514374573314
26997,14.253244984162436,7.5758335306256255,38.101320416694314,54.19431358237675
27,14.997885168928866,6.784345983185902,38.54499859259449,51.08370224417206
27001,15.428568249666322,6.666919352608809,40.64340618829292,48.53258981160538
27003,15.338325184244463,7.069201326065556,40.38594073053067,50.31454876389404
27017,16.406985475205055,7.3609312634588635,48.58590418861299,43.29671432154502
2702,14.635241597793812,7.24512350724058,38.269467575377035,53.13639189963546
27022,16.82270823859356,7.0403472766519375,50.993782294342935,40.22693192997202
27025,15.501207027976942,7.455308267521391,44.35061834726682,47.37167304829756
27031,16.925659070304718,6.253775732888106,50.440603866384315,36.74507214366494
27033,15.61211578372133,7.515409348553329,46.058169780089855,46.49799006857413
2705,14.086990678170622,7.538169922702024,37.49243900799785,54.34505007056926
27054,17.523399490726426,6.820344432598335,54.844974218174514,35.61389019100128
27055,17.073573738883198,6.85019479570916,51.22291893515564,38.87207599594488
27057,17.538135943132037,6.818435544485716,54.930264312884034,35.593334783815614
27061,13.781580118838757,6.993394916326411,34.14992131703183,57.269852318121295
27079,17.37724350971594,6.372477599129631,54.92318489023143,34.60188872107038
27080,15.469091365351126,7.1036792160922575,43.431803468602,47.72905380081093
27083,15.607629965706137,7.130697912398299,44.23852006158862,47.254551218186755
27086,17.73378627666391,6.832430251177524,56.72815777378515,34.625830443320936
27094,12.998767412010075,6.583219212268358,26.999478018791322,64.72276998028072
27096,13.929213513084674,6.612171478732086,31.92856773392645,57.56478559975172
27104,13.21130872874656,6.63788706172391,28.044107629427796,63.27770208900999
27110,14.005792837046709,6.6560306400685,32.92261244290764,56.78657136221712
2712,10.376041859477091,5.789952629887537,14.70187887713661,77.98567411969474
27128,15.097544265462087,6.952053768406246,40.15187977966736,50.45456976308893
2713,12.652522820527926,7.232835311442142,30.61339335959482,62.1779381420548
27130,14.139579626317191,6.836032426467165,34.21903354123854,56.35793344629917
2734,11.684087586726818,6.47386725274227,21.640996865446382,71.65163886846484
2739,15.334174432556622,7.375336165789185,42.81132338585971,49.73736810300748
2740,17.069119658574746,7.075638133111347,53.414977733345445,38.446332818322276
2742,13.81932419043973,6.845519991541218,32.88110126610248,58.49923768698765
2743,14.669228485494342,7.014043208657464,36.51494252873563,54.49195402298851
2745,17.983346715270656,6.917737977128938,58.60382957676818,33.714406839539315
2747,12.79703354392917,6.234543218078363,26.26024082334762,63.24674188751859
2750,12.9024015307865,6.198713573239003,26.37905820415326,62.97747879496929
2751,13.156023575505548,6.2636989998975725,27.911256517738476,61.381395416770125
2753,13.4795073283756,6.732557278611722,31.027676588827774,58.538815436192905
2754,15.208755928239281,6.993356587763955,40.05369782767879,51.861913807558025
2755,13.996670739780813,7.161756387128537,35.10913574233614,56.80132322648077
2758,11.862480073561512,6.30873954492147,22.457644170791582,66.42520825787757
27594,14.876380852810128,6.83321014585723,38.08958539799397,51.41195561025016
27633,13.264032156518,7.286324164824459,32.60756044954024,59.4721307753434
27635,11.930984269486297,6.819671747999736,24.737240791591706,67.77293816873402
27680,13.47794642277812,6.573316912322182,31.52598971835318,58.97996397029747
27740,14.075111287673577,6.833673772761235,33.31274583103078,57.46296958467423
2797,14.131866498861156,7.0584425323100515,35.659249585614546,56.14546185142398
2801,18.430120537016318,6.762699994697842,61.25393779193975,31.138429228373827
2802,18.53353793710262,6.767143252246529,61.862203444913874,30.65395587332539
2807,17.016142783254296,7.271133234728521,53.05903802417157,39.249666372197055
28082,14.139764109577937,6.918518201479667,34.272808041018614,56.160820372293166
28087,12.067098137709792,7.055993516921704,26.543469993936093,66.37923060320462
28089,14.035453522739255,7.476746508003252,36.13963311770254,56.13617948275175
28107,11.686792828704364,6.987341703991928,24.293287856599996,69.15861864422489
28109,14.079879020834873,7.438443434977177,36.16250356748439,56.08209557135589
2811,19.924543205255148,5.861157552952818,71.56298466310528,21.120110287782182
28140,14.780095307243602,6.976988873017661,38.07699473659695,52.34873538590526
2815,18.818666664376362,6.225104154417435,63.47346657477602,27.176659774867908
2819,18.733341680277483,6.766107305297372,63.34691217207104,29.47151159632828
2820,18.68704456961661,6.69791741278876,62.93678371786847,29.592299225174283
2821,19.77214313940079,6.155944268598564,69.05980904533311,23.016743126589958
28216,13.198419632502642,7.750609422929477,34.25551684088269,59.62485481997677
2822,17.78714362016057,6.469622889307258,57.853108856829316,32.92203099488772
28220,14.576496730569884,6.939598900701604,36.859030375056804,52.87147401167465
2834,13.552678113769877,5.815673138339495,24.024246653002486,63.09798962103702
2835,13.211466646992807,6.872760031596835,30.01029071263185,60.53236061597266
2838,13.496500567202906,7.473247004339554,33.813947931886894,58.51459763460425
2839,14.975342060985355,7.089798050748763,39.62505114629701,50.76316474687233
28393,15.894242166856559,7.076614536133879,45.267694512735275,45.428938279469286
28412,16.804102523019722,7.102213186476842,50.88749827813527,40.037782631796446
28422,16.841890462918418,7.104845402856658,50.5117167876597,40.140463549413425
2844,15.317106349189933,6.552916298835555,41.46371164150025,46.54939556303414
28443,12.490052807369253,7.08795043841862,28.591033851784083,63.77977156686244
28450,10.613032378158431,6.575640209653765,19.4676432495199,74.05505188096407
2846,15.796848299313847,7.098411316267428,45.92721350267673,45.63434389173319
28461,14.77106610904539,7.169480969386819,39.282896379525596,51.52559300873908
28484,14.690960989777853,7.1857654708177545,38.918654165250594,51.944183442953964
28494,16.527232745131357,7.184459317843221,48.87970285166547,42.162912373192746
28507,14.695235509423343,7.188438518705166,38.948547857730716,51.939990679318996
28530,12.481222630261763,7.05436534000566,28.504609029749883,63.79747604367568
28534,10.617524087476422,6.570663310368712,19.45723634380586,74.0486866422274
28553,12.338825968142082,6.971130147884472,27.431276657511,64.76705150249734
28554,10.623711429755751,6.5718755742708375,19.477646987532,74.02096683785544
28577,15.415508674064961,6.8997111033087775,41.89556502228856,48.17194310735077
28611,16.996694682664106,7.223088992979987,52.767274340395865,39.52132491180633
28612,17.05512157047953,7.164908192500619,52.884226652765065,39.41209013341277
28624,16.87328477586508,6.609753776919038,47.262870084607535,40.46845113064295
28631,17.32532941052768,6.5205369838212865,50.218304637943824,37.75081496475351
28639,16.92825356721441,6.558842599647647,47.30782730782731,40.384930384930385
28642,17.2835801933981,6.5346700660882675,49.88915617187868,37.98641573510683
2865,17.455022226750923,6.631701216093213,54.4810515534312,35.85481392966883
28660,17.175359686843464,7.084228971313488,53.092378493658096,38.97837392898567
28662,16.966611261175924,7.306506593769068,52.94094714579496,39.359472919895126
28669,17.1792852968857,7.0821728776282775,53.11924461272379,38.94638433132333
2867,14.906567171524614,6.954490343789082,38.83881057364408,51.91902517430874
28672,17.231528791328863,7.052996958164654,53.3266521366856,38.769751693002256
2868,13.592432016683635,6.343765134873726,30.107226627945938,57.71808332402547
28685,17.209560582870377,6.571357124162513,49.628656543506146,38.25044478464149
28688,17.188665161246067,6.607287160838071,49.641076563437394,38.36136452967583
28701,16.928807888483835,7.30175679740177,52.74953863221788,39.5282847785968
28704,16.959796157848757,7.255655805478758,52.7550086227086,39.53139304647746
28719,16.77317634049616,7.27914953351559,51.68945921495261,40.38892255803536
28722,14.843555261605951,7.245619541968348,40.04985197383221,51.28364333342332
28731,17.136401404417683,7.00885115125104,52.51184917473466,39.22758329596117
28739,17.09174378768498,7.197986466163189,54.11566876171573,38.006762965413316
28749,17.055680754432792,6.616750425722539,48.88078210904882,40.63701376544996
28751,17.03861639707216,6.631292966205741,48.787195765007546,40.82177050807502
28764,16.993971318187647,7.182841269860632,52.60866490903765,39.04057698718143
28768,16.850874197566842,7.225966065492139,51.89228896022219,40.20044879599907
2877,16.102665341652173,6.824514618794472,45.44370528429773,44.71413329986193
2878,16.046671628313184,6.81467896262394,45.1637686385801,44.80942002853604
2879,16.110976651012344,6.8149998082585785,45.525450914408815,44.53320333999025
28802,16.945912471755015,7.298045711925986,52.803086005349364,39.55755890156964
28804,16.94642003877168,7.306569359953054,52.858163820414084,39.47775442938058
28814,17.220138850261826,7.053506560130752,53.207650326574054,38.835463305573725
28817,17.208254856173753,7.038060160839322,53.11414809006385,38.93151861394272
28820,14.476368296035284,7.132837055608734,37.09008018512229,52.73164750781416
28822,14.479300303106472,7.180336814454292,37.5509068085904,52.43245085398479
28847,12.29888817064403,6.371268153539669,23.526398264223722,66.78067743490838
28853,13.612248517020163,7.504287576439083,34.34131443744876,58.074003866434985
28867,12.174428402975837,6.5687667135234555,24.904982809110322,66.99915603210476
28873,12.589717313293201,6.567284942507186,26.451681602412137,63.94908956403316
28884,13.838132564665965,7.206318716919222,34.66060698814902,56.51337809333058
28892,13.656576314532277,7.21509385991162,33.132879534378276,58.40472555385918
28910,14.232028506387943,7.444402864008481,37.23591447391269,54.71794218769897
28911,14.062933637904832,7.509546879629073,36.32165698527254,55.49140409552309
2892,15.954832006728909,6.7528323138331485,45.24560408394782,44.58763471355644
2893,16.217756924929,6.818418976327376,46.30773422952904,43.90980516826377
28935,14.850095163192783,7.264778038704144,40.16420231708967,50.34880313753776
28937,15.0166610471567,7.218274507548775,41.11053903124876,49.5120033042327
2894,18.826362817201606,5.796477279202299,61.82080189878783,25.42454296290017
28949,15.781166216183149,7.0541150649071644,45.65561007832405,44.722562989525336
28953,14.569831554566326,6.947590278558758,38.04807358348204,52.028216582631714
28955,16.840069127327364,6.441845228808368,49.41436540820814,38.24101293951529
2896,16.01666904766154,6.936859662798329,46.034004347749246,44.574150333150705
28975,14.651827407934734,7.035265338661525,38.8120506675796,51.6432728517631
28978,15.73921152290787,7.203201842483876,45.232520020606,45.68210555893785
2898,15.76304395521221,6.834718256703432,44.82584009394831,45.511059396446775
28987,15.589611356142937,7.219457632746184,45.324684531405076,46.15648187532492
2900,19.328441514759454,5.984123549411963,66.89768589216493,23.899277041530066
29010,15.37606082740139,7.422064382117495,43.47826086956522,47.87069764249682
29013,17.141851203553056,6.9988791547259925,53.489150977249345,37.57087151025095
29034,16.957138215131287,7.131892867750166,53.20826889248315,38.194633011817764
29045,14.786730653180436,6.978607432434972,39.10413108752191,51.12681244349194
2905,18.778454716678542,5.9243277581676175,63.883324987481224,25.884660323819062
29068,12.963296111396604,5.99477981864894,24.627363505597366,62.4986970751944
29073,14.904396971428605,6.331543704346383,38.12562354506152,48.36942966411706
29076,14.03144338308643,6.739636698772141,35.82089552238806,53.91564660636858
29084,14.424856796007628,6.517923271450283,36.70939441695191,50.38997018760728
29086,14.414652204547773,6.439200123872706,35.63012063899558,50.87495863376087
29090,12.677702326403049,6.681121325917167,28.483476859932104,62.27008573236924
29105,14.22149199924557,6.766972501367858,36.65409185543712,51.718952969019696
29107,15.061175283933915,6.066319058672525,37.6847356227976,47.37131749229991
29109,15.367473154108081,5.9888488104433595,39.41477909645736,44.9547161082543
2911,15.742073083520378,6.746789566493271,44.070528214487744,46.09202395056194
29120,14.98394201265488,6.188687049326882,37.79930174380779,47.362295998313925
29123,14.128476144151502,6.7207444943090335,35.65708381001587,52.04911982876334
29126,15.072269574146167,6.099758068242833,38.28639574350977,46.92872213558389
29132,12.244814863548836,6.853901428931494,27.69320786931791,63.36796063422635
29135,16.084296069976475,5.950586818412835,43.95825009014628,40.19257194647747
29137,15.390770338940328,6.293644687188385,40.67982128819766,44.24908206215111
2914,11.313089793494946,6.206438135422883,19.386453016483976,72.80562296042173
29156,14.947839097569055,6.496780593589143,39.17741969998502,47.49523870664013
29158,13.157496900889244,6.105533754623442,26.712335941509807,61.12874336171951
29159,15.130762858547632,6.48304453462237,40.373584506296964,46.44089321621336
2916,14.457754866051445,6.809222672898909,35.023448162628654,56.317663598395065
29179,13.245226528332722,6.040553522026537,27.535002565633082,58.91740755866922
29182,13.781534034555937,6.442800445877078,31.999789385004213,55.32329401853412
29184,14.977455408787117,6.667189748127516,40.387691728615785,47.023828194431374
29192,15.868494757474917,6.9312245365582275,46.02964478408247,43.6297811741581
29196,12.72394447457346,6.603693634909215,27.840132967799246,62.16244614899653
29206,15.25159651272371,6.395604395091057,40.3034452429261,45.16396637714766
29211,13.299559984794792,6.283075457941761,27.105088157587303,60.88445155376624
29216,12.346100295944598,6.217093191906433,22.261932105287336,66.04896871698287
29219,13.51917918312535,6.397656284149525,28.83933594691862,59.23878584377428
2923,13.07443392378912,6.517873009903981,27.509153564505706,61.321702921961375
29230,14.350044461092109,6.6380099018444305,36.30204145667052,51.78161708469789
29231,14.483324661798282,6.544946086715172,36.563387956872056,51.37986065159005
29235,14.541621746485893,6.565762379973933,37.68368924854614,49.618154047567096
29254,15.094519788158077,6.400683712568246,39.53917739215812,46.73432797592368
29255,13.118832109356998,6.072680576655664,26.187431877253292,61.73702523685755
29257,15.387710448138822,6.565004317035632,41.95962297796459,45.46979153398718
29262,8.150512076765633,4.990882371060779,8.146496753278361,87.66927248123521
29270,7.663743376139457,4.885295986147369,7.6156835040621695,88.98117777665641
29284,8.07276045545587,5.091382488032647,8.425174440856944,87.30188327428678
29291,15.59291380105583,6.957358617097861,42.95933559763644,47.57711813148467
29292,15.55049858019575,7.141655431032649,44.03469687633313,47.218798881357536
29300,7.377729938351233,4.6010749018806285,6.5289725693880865,90.53014932640805
29311,14.409692200892621,7.050989522917584,38.31808585503167,52.482846586910625
29314,12.926376584110704,7.150266058918559,29.871744960636732,62.73790985379358
29321,8.059959056255694,5.093486682266553,8.44732397704714,87.24950864682818
29336,15.732374128181222,6.826210817586567,45.66726866860355,43.83658451770671
29338,15.221433826733737,7.141912690545689,41.01242870422438,49.46004567520112
29341,16.247852039757426,7.0099430894770824,47.85360960254592,43.28755750804248
29342,15.4811628607684,7.019575223234876,42.549154278663146,48.1752674528247
29355,14.089457723225454,7.572314503131848,37.36054577767586,55.15908960614573
29356,16.03643006404653,7.020450474960066,47.93682909009161,43.44180295621874
29378,13.790075844893689,7.367084207237153,34.811911221241964,57.78523059833807
29380,14.75814785288521,6.897726731516621,38.610574732594216,51.744375257642496
29387,7.872648608935142,5.010143427471273,7.948722869369974,87.740121668042
29399,7.983564408902839,5.000078844907714,8.039881626248784,87.82200242308686
29421,7.369620852951604,4.641524353012743,6.635133095154229,90.44331505057113
29424,13.171444969119186,7.356207916254968,31.57571006452391,61.17107881565459
29425,14.303649632502387,7.410213581266427,38.047667153066186,54.45679150921041
29426,15.024723931999972,7.455377536082846,42.01037417535378,50.26439039129777
29443,12.384358822257216,6.406044821431538,23.834676813698493,65.47338907525159
29444,12.261827128512001,6.97793552206838,26.85554099126575,64.36608568128432
29445,15.320215323296654,7.016014898689031,42.507615072202164,47.833935018050546
29449,14.44052799452051,7.496703078989768,38.92004230305714,53.27479770776458
29452,16.56345841874263,7.147312395470799,49.80136848221803,41.47900435210549
29458,17.154986477789265,6.614846160297669,52.54176791181033,37.08661093035707
29463,16.271709592808755,7.591455368489163,49.50402713013989,43.272573124205174
29469,16.602287026274315,7.34995450506719,51.24493563772501,40.972613980204116
29471,13.268455144764701,6.895059357108417,30.65432116515463,58.19015714634883
29474,15.966298299169047,6.969934444814534,46.17124889758043,43.839871160704014
29476,16.531800141582885,7.314470172699061,50.62677302815023,41.19244477850787
29478,17.349091092206,7.238084290308924,56.12247494021268,36.128072050068695
29507,12.32356505216177,6.801051107254598,26.215419358885896,65.57681450348159
29508,12.73254142717862,7.311739387669149,29.284896752348704,63.95035528637513
29509,12.315261505521113,7.075067551856236,26.97831349480101,66.13067091449571
29525,13.92203307540497,7.411016412331103,36.03874497818747,56.185147758361474
29527,10.97441276113824,6.273837766122742,19.223707355905653,72.94146347726719
29529,12.395834187754774,7.155771676055481,28.655475166713867,64.01941347614512
29545,14.709038664957186,7.5587710760796405,41.50850462993367,50.13462927694228
29547,16.618324745406408,7.357260279935444,52.2233033325225,39.99270250547312
29561,13.306206912696155,7.285992556034703,32.17136659436009,59.886117136659436
29562,15.186223262230541,6.974132524532628,41.21826374150201,48.559171026796356
29576,12.456387107618951,6.962066639801307,27.5564096206298,64.21026531118275
2962,13.297394944660795,7.282271775302797,32.92712355212355,59.48627198627199
2963,14.880055031775987,6.866961699394829,39.443853113358166,50.30867482703566
2964,13.030653723154035,7.072733811253175,30.65032054284835,60.93793915708608
29648,12.00754689755557,6.581625538176244,24.23983973659678,68.11293809627705
2966,13.758256489038395,6.17680242573731,29.196839592154376,58.8513843272262
29660,8.817387791931116,5.594228359377792,11.257269023851729,83.97964155031046
29661,7.927947712673725,4.8445400222580615,7.425829420566535,88.96444971879676
29662,11.097521015915596,7.1101537816283535,22.83243984038051,71.9748881454311
29667,16.060086990878585,6.653159090053444,45.45643266866976,43.56296093963398
29669,15.990813408327337,6.66210461052631,45.33164617198231,43.81644549711777
2967,16.12466743797377,6.93096590159094,46.89667979890432,43.55127541883879
29674,9.80657257804368,5.916176144681004,14.276887676836544,79.79695755922958
29676,11.059666211784464,6.927102372707874,22.3452114414848,71.5145111004164
2968,15.919857498585126,7.262107008688686,46.486958859908576,45.06722237160527
29681,12.128665175235795,6.6771983881216554,24.253229422440484,67.31931247998291
29682,12.467371302006846,6.911862609635804,27.571851733247936,65.17792810823792
29683,13.053826403060729,6.829750124564902,29.19502163345975,61.87276320709364
29686,13.634055416247365,7.603490619356951,35.864553601724516,57.90203788347538
29691,10.867798039849449,7.2046741659728575,22.850315352371997,72.69068045598777
2970,13.926409298570203,6.651057381754987,32.246806894259535,57.04145102321827
29705,12.782896222731754,6.463556148539524,26.621704230009925,64.59959714191227
2971,9.933493621651136,5.911588100330265,14.30736518277235,78.59663409337676
29715,14.790784586566044,6.782001281850398,40.334005583317605,49.35175894373963
29719,13.529642855150115,7.208811368976908,32.73337980860638,59.928808331748954
2972,11.033643579475731,6.248772567863425,19.150369355816512,73.9969014527247
29722,13.778419579856713,7.175565186199438,33.7904288484407,58.41787814833464
29723,14.61885133628773,6.780779174708694,39.17219736646806,50.58416912279213
29729,13.714425169627049,7.173320874021976,34.556133256306566,57.75509767421957
29730,13.230831597067876,7.2447185753338745,32.59530885843186,60.31238640980136
29740,17.009448234087888,6.686190743664725,52.05377530338404,37.3515149960233
29741,16.98324228900083,6.670884928187335,51.87834044680278,37.443765140154575
29743,16.983651822798258,6.6782228427633115,51.87779548609326,37.35026476787826
29744,14.917439055963532,6.570753250066789,35.42160127241312,52.84977057659081
29745,15.944099408691407,6.661035534997706,42.33031926204194,45.54825383003068
29746,16.010061407150175,6.6424747109296565,42.762178585265396,45.05617748414592
29747,15.965919342357275,6.656488839071367,42.46722894014836,45.377502286353014
29748,15.822698055876781,6.838639013122181,43.54509243182515,46.00823885881592
29749,15.793993833127466,6.824252104006933,43.11646695870051,46.26634167959229
2975,10.77377964998924,6.2345712445048855,17.915302189846063,72.543384793602
29750,15.81145964561789,6.834517138995479,43.35609556732456,46.13183931338658
29752,15.86305518348589,6.983818332072343,44.48391001849117,45.45902010083676
29753,15.645952548069442,7.057604492903186,43.29493210734523,47.011654014754626
29754,15.858692625996024,6.975352573955087,44.407741385510874,45.36142893296216
29755,15.892584801864038,7.000191633730954,44.623506161049434,45.302614301062434
29758,15.386763379647304,6.929903603793914,41.44427798796435,48.14640834877993
2976,12.503848811750137,6.5816575340106676,25.44465030106531,63.72626215840667
29762,15.423636147935103,6.906551805768918,41.57819881139839,47.97836135520902
29763,15.760067102862,6.692599255876559,43.765120137806996,45.022862281668374
29764,15.894781471645823,6.995999837387233,44.66822132711469,45.33601865592537
29765,15.902740556493642,6.966170660810202,44.58123188118026,45.404604000370654
29767,15.140806052684038,7.049567515570102,39.86306833289019,50.475937250731185
29769,17.02012424171761,6.47782827505774,51.606514973932015,37.79250697166876
2977,15.684018008945086,6.149340684446334,42.58481946151527,44.62095034901788
29770,16.973285078609607,6.466310470097323,51.308082780164,38.08856992823385
29771,16.982018447406446,6.469494069636465,51.41634839876381,37.95462826758796
29772,16.11718995660662,6.609200555382467,43.53873917716001,44.36401240951396
29773,16.120737097939514,6.624801299129393,43.556114991067076,44.20070651291213
29774,15.680467531936722,6.633321145976081,40.842470720077344,47.24450108769694
29775,16.003673319653196,6.615214158984848,42.52121802086819,45.23671909064176
29776,15.4339641505425,6.9189606251173394,41.66963422699293,47.929490766648016
29777,15.403730039084277,6.910676365769667,41.346815067620916,48.20696329878002
29778,15.396483030126188,6.90755438262053,41.32033390683744,48.23679347479768
29779,15.40725328914732,6.934403043376334,41.55206286836935,47.93585589263389
29786,16.617494182259918,6.880217387675382,48.688080439286594,41.186015850248474
29787,16.391077667706764,6.864212025973948,46.92998045139506,42.728511344114686
29788,16.569098381356753,6.8509475410426095,48.455531453362255,41.33767172812726
29793,19.061968566020646,5.242007156281851,65.62675765870486,22.389290937043008
29794,13.48955608061977,5.748958876370305,25.868742111905764,63.98822044594026
2980,10.730247487775694,6.068469359296605,16.979714500375657,75.54000751314801
29804,15.790945056024727,7.163505764526002,45.299267635201225,45.25752045611775
29805,17.566833881432398,6.751458310935011,55.36191247386423,35.52168815943728
29807,16.70791593019106,6.7281493872449945,49.669440473759444,40.232540330814786
29808,17.62686358542375,6.79073911303211,55.91516916818121,35.185296631079765
2981,10.026559427780853,5.697950544990182,13.252579632122027,79.80484522207267
29810,16.647867787105135,7.404101072944386,51.50041136819618,40.86690434606891
29812,17.046919044011226,6.678313859882876,51.37496970647355,38.098564443240626
29814,17.90898781391849,7.035863177528346,57.85188846567616,34.35146686825807
29816,17.280839861398004,6.616755988756241,53.40575665192438,36.04419826241287
29817,17.170875439259618,6.578804099502428,52.21821087629676,36.86981834786455
2982,9.603430911269411,5.618486077172607,12.346151249915623,81.88016110523591
29820,17.48852257254062,6.632680045689977,54.75656784767414,35.37960954446855
29821,16.092199763192014,7.101960995445077,46.79738247026356,43.658033960399614
29822,17.55734956220558,6.611172954547947,55.19295332298473,34.903673754256765
2985,10.873070922656048,6.209726494455327,18.454367026496566,72.72080471050049
29851,13.261654681945856,5.676525356011768,24.451286125732448,65.46330320786574
29852,17.409110828212004,6.539317860836659,54.39116610810346,36.02302999054739
29854,13.197476321134312,5.6776730190129765,24.28798253448447,65.723925771559
29855,17.715078611752375,6.420693933993204,56.547619047619044,33.639579020013805
29857,13.261420088262643,5.691311727455735,24.693999402925666,65.32988357050453
29859,17.57241135971072,6.439760803212032,55.46756674888571,34.78298498420529
2986,15.982888306685007,6.999003392812793,46.11713550918684,44.434870217673726
2987,10.391336777431,6.183483836776244,16.73409419981262,75.1469210459075
2988,10.186638433742623,5.903645851775364,14.242469146256271,77.579965706302
2989,14.431203060350919,7.338000339685238,37.8690103857371,54.09293057260118
2991,14.467570795754217,7.511551676447011,38.73750477419694,53.76601825389508
2992,11.487215323358823,6.256068427898904,21.39871040884291,70.66770589763574
2994,11.36084425827668,6.224929873741203,20.489455283635955,71.48979361678133
2995,9.113293142443952,5.835049056356083,12.627273131474812,82.38406473700591
3002,17.12333850346524,6.877467565606001,53.709092097950105,37.52465644445898
3005,14.677113923812616,7.202314330423301,39.44069121315618,52.642905322212826
3024,13.749293410515989,7.087013713458513,34.05404102489937,57.15043266565431
3025,15.399050091925055,6.922867094929726,42.86137201604004,47.52805662459295
3026,15.323638086103028,7.001462344318316,42.15491502718903,48.609897033614494
3032,15.408323213049226,7.106512290352121,43.120280206677265,47.74070945945946
3033,15.334286935065897,7.031901433572505,42.496795313211784,48.058648416725816
30373,18.821709141286796,6.51576570986032,64.68323330603464,28.1001332339172
3039,9.272527491496628,6.278659580378729,14.841992501339046,80.54900910551687
30405,16.732851506930636,6.843849493922419,49.34026725907974,41.18112356524959
3043,11.051266042202599,6.235379887332571,18.539982589230195,74.73572938689217
30453,15.690358816626492,6.840933376900722,44.5416628047085,45.57419594030957
3047,11.013187592232036,6.458382031240566,19.549600240771518,73.5308357650384
30475,18.144695109341622,6.087264455029027,58.58117022460301,30.18391060386896
3050,11.124619272895309,6.225316592652668,18.690769789306323,74.54524969015635
30507,11.18601073314454,6.306787482508624,18.470802279297,75.538193001413
30510,13.173742092339168,7.171249653551258,32.22461047772814,59.94532325643591
3053,11.473939012278672,7.318437107826664,25.228801872205274,68.81468789613719
3057,10.262057635137454,7.4368581938526965,22.225226110892645,73.9136846244593
30602,16.332578859214596,7.195576405583611,48.218716767103864,42.19913151364764
30665,14.72765348477225,7.425821089647558,39.11417258059209,51.88934835305861
3083,10.057756948243332,5.903567564666899,15.057898560013674,79.21633978549758
3084,10.90359742246159,6.263192685470583,18.99628534606929,74.38404973087711
3086,10.158248004131481,6.782959074959104,18.505291005291006,75.39351851851852
3089,8.618598303184633,5.314585546574413,9.915942441943297,85.50600750344304
3090,9.633275859110906,5.793917285991304,13.313098975115897,81.05315676776917
3091,14.922314751572607,6.481962220408,36.953188987126445,51.15819980259151
3092,14.386706951716413,6.837909399820062,36.358780324949926,53.62563988426441
3093,9.594733592310172,5.580548671813682,12.415689307041285,81.21751084761783
3094,12.625758376553275,5.874109606173635,20.91705485642773,62.52867969130224
3096,10.88782298201433,6.91542635230242,21.67266813799512,72.17795330468115
3098,15.906470766859112,7.278642523828702,45.944702061515486,45.82573507702461
3099,17.406302435171067,6.3343780504018055,53.84293485841819,34.1888687404101
3100,16.09179554877959,7.096277585804839,46.871162438272414,44.08242538255864
3103,18.499043661840755,5.8277329849064845,61.3294702417613,25.69158302899921
3104,15.51285865442131,7.276640187838323,43.62922472861652,47.92687829873141
3105,18.886794542293238,5.692147264269507,64.6691320426365,23.618011746791385
3107,12.061539531543879,7.306955628583866,27.85577387537591,65.52814871371365
3108,12.150820859680303,7.090064047040909,26.63564535773399,66.36894537959465
3110,10.932479576949449,5.4087454567086235,14.166600239139099,78.33718612993225
3114,16.019087480453404,6.846106207790387,45.7902331791393,44.38360598254865
3115,14.37060753734843,5.932345356145048,31.652747844827587,55.27209051724138
3116,16.165486161369273,6.936425670797637,46.873054961708114,43.788055097015125
3117,15.870389893726998,6.619237749407355,42.66188361452948,46.05062489808838
3127,15.176779717031046,7.595664219536712,43.01502603153429,48.539084356993314
3128,17.150812031899058,6.589920058699298,52.852161326403056,36.51368041130525
3138,17.14362552534589,6.314915761365033,51.56338723039832,36.878066035540414
3140,14.113086905414848,6.621532213731502,32.56844106463878,57.15399239543726
3150,17.297675498136854,6.543254813208847,53.77849378738219,35.66098179730756
3163,15.312817167873275,6.7077640110831185,41.528936297766336,47.439197081046444
3168,14.171733376967307,6.913975826399932,35.93242162757131,54.97959565122582
3169,16.85795386494356,6.701743012050969,51.11669939256146,38.91166304959409
3170,14.758680494404391,6.677224188614139,37.94782755992208,51.89612094520199
3171,13.021404484628828,6.543093249595448,28.541625987852875,61.38304541297131
3172,18.88845639031082,5.5520189773618815,62.746993258536946,25.025387542363546
3179,8.600755659863909,5.741738141948705,11.262550737022003,84.99893185216834
3180,11.328647279525578,7.303446934420117,23.746223564954683,71.12570602916065
3181,12.165303398919965,7.088853510170587,25.853363488139692,67.61163414505864
3182,11.575411610112841,7.003237326556504,23.341068606654233,70.58697911476204
3189,15.38273779317576,6.212626366494149,38.799967734872844,46.36037842384854
3195,15.289408012024145,6.194765895105665,37.97666264298442,46.90923722480888
3203,13.916836157502036,6.507545249942151,32.01794265624053,56.66242347093411
3205,16.93577247033436,6.418692652831612,50.63812718786465,36.92872423181641
3209,15.465303342339329,6.6611374299026505,42.579948141745895,46.97637568424085
3211,14.756587057643248,7.642681305675223,40.70721148509479,51.45968746531161
3217,13.400057542800985,6.480275295230524,29.50043784662858,60.01522038280305
3219,15.634970871143267,7.240385481495238,43.82215626256068,47.484772593760624
322,17.843468632614172,7.195588343473512,58.49405306495883,34.417200365965236
3220,11.791270123193904,7.204647885593842,25.411277806518367,68.36437316778755
3223,11.568615758198385,7.3442612513871275,25.942629717493503,67.9432032465219
3226,8.301565727199526,5.481489598442119,10.153522283836516,86.14448552064079
3229,12.79784570324058,6.207749492604218,26.368204358121766,63.072302576753934
323,13.146489857675748,6.471295206793076,28.23264540337711,61.53696060037524
3230,9.620988510044125,5.935578557666467,14.608960417572858,79.89212701174424
3231,14.073042974246308,7.592204794526769,38.10635832106167,54.136786246438305
3232,10.478317337869335,6.512648084336372,17.712319629252537,75.81276550925114
3233,10.72831688221764,6.676939215939399,19.60730727995123,74.64630326473123
3234,10.090336250254092,5.706380683861102,13.60767093210745,79.9624343888298
3235,9.086406469533632,5.505720935147018,11.056708375430688,84.08245036829788
3236,8.74703378706987,6.143879202428357,13.842148145524105,82.36122427291083
3237,9.603327189592944,5.6630722750396965,12.326568249929561,82.01859615269679
3238,9.844245033465251,5.971817192950661,15.163110004023181,79.056350205011
3240,13.855115127577447,6.663098304908946,30.799103248379563,57.307681484330296
3241,10.86338138832309,6.68199036787102,19.54495591760452,74.29163450209238
3242,10.311384577910994,6.1884442359945195,16.33233128281579,77.63324951057888
3243,10.13114626131723,6.492992515254273,17.61741141219385,77.07953361125585
3244,8.03760701834277,5.251900856364491,9.039839918647182,87.08606012891798
3245,10.179367194836809,6.4377733248114275,17.745447921238068,75.78683271369309
3247,10.437771505068277,6.694377647958825,18.709568126713886,76.65618481932049
3248,11.642025589651663,6.4741178814404154,22.69531316501813,68.8094792216415
3250,11.647775144331156,6.5061037239477475,22.83267378353661,68.7279378456226
3251,9.322298994917716,6.441850385137891,15.29282408393921,80.58522199398243
3254,12.79472501978184,6.236933850227932,25.385847047754247,64.00439081560225
3255,7.868123937826999,5.095774201673427,8.242220353238014,88.61670576778363
3256,9.06595722966556,5.649604689261819,11.235061849185827,83.53833251799567
3258,10.122836362462486,6.308175032100859,17.094547903746403,77.16382530199523
3268,13.617586178350304,6.781463589377888,33.425041145692596,57.12332244303061
3269,12.723367859164455,8.008360091524375,33.916053731137126,60.408681238993054
3270,9.761218905575191,6.200836593782469,15.460392834016837,79.82732570688539
3271,8.08498850154274,4.877007470656687,7.437429990850712,88.97040590342799
3272,12.359673182905036,6.65507875373085,24.790995085345877,66.16604132537124
3273,12.549123657787728,7.928220306321846,32.66002695559329,61.50688767919343
3274,11.306830409523409,6.1400632649834055,20.305188020755597,72.45844930068395
3275,9.159388435211174,5.466211563809864,10.844072504790873,83.90267058140965
3276,10.604481255792239,6.456387573926473,18.43266747310949,76.59381436558014
3277,13.08734552049664,6.8643361534474545,30.080314463882758,62.00794247769716
3278,11.635318675668847,7.084650490863398,24.55831970248122,68.84353409340592
3279,11.446855264744396,7.4256969117073135,26.469449392085497,67.40063846081038
3281,12.075711205081266,6.96517262790934,24.731388601306733,68.97331720939944
3282,11.762991004907013,6.056136857522382,20.121436568770992,71.6200155025407
3283,9.333465019890058,6.350534892409303,15.324445991991444,80.2447335041162
3287,11.500311427535424,6.267518164607828,20.062872310496253,72.64442895061954
329,10.591602651697553,6.4369274139842325,18.37724890211078,74.93271001558296
3291,12.57212494541301,6.061893603966732,24.612132319584823,65.87671705166125
3292,13.320885082747377,6.543621490467132,30.29752135673105,59.17182173967933
3299,11.55196189216919,6.517346114985489,22.9027444951847,69.3629334900755
3300,12.724909587800589,7.467541183854796,30.383453126867327,63.07086883034846
3301,11.37201264721664,6.089818172510216,19.956061975739484,71.20692917358673
3302,12.577757213090937,6.433475707016285,26.734384043079658,63.879685625854506
3304,12.48375097910097,7.015959728284059,28.109582037407865,64.06544246090921
3315,13.172802674468722,6.766535636384671,30.08988520684427,60.45863114576565
3316,13.040671025857964,6.342172751124812,28.16799237471848,61.54125159211492
3322,17.2024482288174,6.790239443796687,53.99484536082474,36.09198782259738
3323,13.015342590701456,6.655003458174676,27.14227834425012,62.139577284084005
3324,12.418775334735175,7.186387003120464,28.32227665908718,64.46470850230901
3339,11.422850903068163,6.1618173920634245,20.107250061423095,71.73149028446903
3340,15.995810547341048,7.28681742645507,45.83884819398838,45.82167213942915
3341,12.659692487582914,6.62689585126411,27.734950194889564,62.90385448245994
3342,13.292882014892614,7.110323172618495,30.535951025501053,61.882944708726505
3348,12.488088898745447,6.684365502468425,24.976283835061977,66.61712623324057
335,14.848840544170102,6.6205828065908445,38.279399208725664,50.955421672258495
3350,10.281591527332317,6.062329399863606,15.97046781078491,77.35103231988849
3352,16.038478962644287,7.250569214949645,45.93181680560321,45.69565831701754
3353,13.323884642981621,7.272970393969047,31.814316926951598,60.54396142545016
3354,13.6151654369447,7.064598070322165,31.958359423919852,59.993346900438326
3358,12.49045809726771,6.597131942763111,24.73714213326577,67.0018368381049
3360,12.533743740544697,6.622004421511897,27.155031849903256,63.492184272887364
3361,15.973289212566947,7.290473552709452,45.70245996064878,45.92674149514227
3363,13.302060184433982,7.128621871012887,30.649116908289,61.78180811297245
3367,12.506041343884245,6.601346930520169,24.83996704271771,66.61332234757256
3369,10.256719593679888,6.0659716116156925,15.923955698962239,77.42325804482428
3371,13.73895456363924,6.342922507358848,29.484144257004235,60.11168558173112
3372,13.582057511414792,6.868263234693175,31.67965190873761,59.25733092842931
338,15.262777172598545,7.747228580395143,44.51085148844171,48.242349908531516
341,16.326647964888373,6.548357738193628,46.55021942948334,41.84370636345502
343,14.655491199330843,7.6383239489893295,39.595995081679256,54.06756835880321
3448,16.33743908399544,6.927947595906803,46.95630671311229,43.79112372597084
3450,17.880683891969927,5.747222750510076,55.48073244055753,29.469253894506696
3451,16.00807746511565,6.060589293243704,42.1230537709093,43.81895004919836
3456,9.839444080250647,5.933169714929346,13.863479968446315,81.20961380305802
3457,17.84294760108436,6.972435667307329,57.3921028466483,34.99970514148996
3460,17.480996731672533,7.166251059962581,54.628024421496946,37.50471093691113
3464,8.720387376172969,6.1810720573424645,14.32558969099746,81.58558879921523
3488,15.534960597853065,6.979426647483225,42.80865590237586,47.69967236271606
3490,14.835949727180656,6.868820642879788,38.246667844453604,52.20344306381642
3492,13.278828981528628,6.941706662798946,30.67369670163704,60.719005366919276
3493,15.709330046789578,6.638652617035436,43.73455654276852,43.434887755638506
3494,16.456995813620814,6.5642321808786805,48.6736631157051,41.22587279822804
3495,15.5002975536879,7.036044668227468,42.70591107057055,48.214859257165614
3496,17.65267004606788,6.294873429630242,57.67592749188973,32.11820236466229
3502,18.270521569865096,6.620954440106561,59.46020190920953,31.614586910239684
3503,18.516430095452368,6.543527017312446,60.770447103352964,30.225232516154737
3506,17.856738398414105,6.761876130310342,57.90125290942406,33.16825962792387
3508,14.232506678678773,6.8902411455654,35.62262468915685,55.311312344578425
3509,14.123708122324704,6.7226379768844655,34.29035877006205,55.0129358701376
3510,14.298838380732919,6.682807984802489,33.862292209214594,56.41687151653808
3511,12.667642161691136,7.489736995423205,30.48416756368855,61.91469321851453
3512,16.663634623511552,6.887428637973119,49.906462010052515,39.720963779385585
3513,13.770390076640275,7.3524191280540885,34.34278029586093,58.056482542212485
3514,15.595051102603993,7.295993980479659,43.98179674135096,47.713796940656714
3515,13.857921695395845,7.252313175594459,35.327421213487646,56.664495549209214
3516,13.968854047389593,7.118085187179479,35.729585995494325,55.64501237212395
3517,14.79421294538997,6.96744822829295,39.70807409335005,50.237751650067416
3545,15.093952588064584,7.032505305060279,41.031075353006294,50.0850454925889
3546,14.864913136769026,7.044910552673462,39.96643296066701,51.17349286700414
3547,15.52838977379655,6.9397107409702885,43.30722494692921,47.39184539931191
3548,10.64841165179569,6.620392715009055,20.56547194059689,73.37141225189204
3549,11.78513753032856,6.18043428344658,21.794372294372295,68.85714285714286
3562,12.334384890566163,6.770834422588687,24.81530363021284,65.48339628938545
3564,11.512740264446432,5.6646129993915695,16.34077141323518,75.26838432635535
3566,13.344691074507615,6.651975324766662,29.613578406098018,61.090285809841006
3567,11.878034003654353,7.083838415474258,25.134735105697853,68.4149276328426
3568,14.13572723911508,7.013462092314821,35.39082559431805,55.89591609928082
3569,14.384776861640564,7.068483936624904,36.84424821548993,54.55702161770132
3570,13.602013495694157,6.602530763776623,29.74975418576632,58.40130731626252
3571,13.818727239093091,6.912594206061354,33.30644043011837,57.56425933162731
3572,12.338785936722644,6.76309011063518,26.397005794434357,65.44602223272238
3573,15.475561841499358,7.095775726085768,42.793476784810444,48.306852832611135
3574,14.469513741949866,6.6240439533467566,34.77553252434769,55.511431696265824
3575,14.772261400828766,7.002168336070086,39.007279947054926,51.44696468323205
3576,14.82318039076564,6.898659192977349,38.22610868207371,52.499639648296736
3577,15.008645503155286,6.846624168358488,39.112572888053585,50.710809117632884
3585,17.415495280481508,5.828909847168787,53.03706305989812,32.14591018209497
3588,16.077231043561625,7.127382515672786,46.93443073820171,44.30330749406647
3590,14.719873585111364,7.289261145267249,40.39156852449179,51.377991148450974
3592,15.983924075266934,7.206783256894228,46.6535320109413,44.68620287304654
3594,16.37331970500063,7.054682314642246,48.23472219408941,42.64416941805587
3596,14.308436277665434,7.380865857595743,38.00714818742391,53.39931660186167
3599,14.42988881488751,6.986713279167251,36.95473889529214,53.71819310222538
3602,16.08239433531298,6.873281498953983,45.75397674584492,44.560952992367504
3603,16.075962592018413,7.239838599111882,47.04173838209983,44.35045376310436
3606,15.663565181692716,6.867472155955087,42.950482763969134,45.87808755671022
3607,16.671482931244398,6.683550765224635,49.05211421438602,40.48408488063661
3608,15.16135367015411,6.893618025814585,42.399921271035396,47.53807966933835
3609,16.159853953982424,6.698672847042108,46.7551368017076,42.32228714344235
3612,17.01869993215971,7.414339092608117,52.94148131257644,38.77925416139798
3613,14.510107970012722,7.403637830479875,39.3981783704809,52.63245153201323
3616,16.414836533510613,6.3523205474686755,47.99044042335268,40.49300102424036
3617,14.311392328644894,6.807891620138354,37.13010414944619,52.92197057364854
3626,11.435796724172546,6.549613670808574,22.286772287326627,69.91917691275764
3630,11.008668366157686,6.679356521060086,20.96327939972111,72.6399433365059
3631,12.241959523629957,7.000665854913687,27.44349383676259,64.04110396191284
3632,14.291678063276107,7.097716617539236,36.89438338751589,55.344949773333184
3642,14.55914505420257,6.20093823307336,33.63117130370819,55.09064947427632
3643,14.33526118668473,6.238146583140957,32.877112500811464,55.88903555276654
3644,13.185311317918307,6.768803278758032,29.420870208971294,61.362183262105866
3646,14.51880547382712,6.183746390571951,33.370066660184314,55.455439233353864
3647,10.427908139732326,6.398704491709702,18.1570615138051,75.00618916700327
3649,15.594714695941425,7.219365686718035,44.55056049388447,46.16241557778448
3650,15.411217424928532,7.064285662144613,42.54815745393635,48.19095477386935
3651,13.309221071300664,6.658675184127718,29.57031835406453,61.270847160076215
3652,15.807230989321663,6.949171556765495,44.45448287730167,46.106522113233524
3656,13.599841233768583,7.109772912376026,32.62250453720508,58.91048533458228
3659,13.656962054195011,7.061318304426963,33.414331700840464,57.75768127559904
3660,14.140030059286719,7.010864071980673,35.4189567302888,55.29754172079544
3661,15.060648084207825,6.374979274134165,38.54971873864619,48.32057530161992
3662,14.61491037919696,6.652198518505529,36.21417628815903,53.53659903598251
3663,17.314868277059855,6.578175391779432,53.88997255355509,36.19478344927586
3669,15.650755129699823,6.906939228119074,44.19782529131888,45.82236337233327
367,17.087229674915662,6.003417097827362,48.624062406240625,37.33693369336934
3670,14.683472188476786,6.839064038445473,37.70853840135282,52.911334898160064
3672,13.372816673064914,6.970891142358119,31.488370391150035,60.315408164509876
3673,13.51195505637346,7.175983931342905,33.445833134570435,59.03973667891046
3675,13.595922933217677,7.013094901056728,32.494029747218015,57.73556487014081
3677,13.36340084018746,7.733349378927555,34.743923826131756,58.39468130430906
3678,13.189548191085624,7.588276050728177,33.46273664030674,59.41145458902468
3679,16.257730332147784,7.528463083915597,50.131790641152904,42.722988623786215
3681,13.458346819912146,7.194944074135348,33.223633007938446,58.86793711502969
3699,10.870813855686652,5.573066342417569,14.294131510723545,76.88398538769738
3702,10.709575225960657,6.331576833339206,18.175485400918927,75.45131169408627
3703,13.98824846745857,6.963457763502326,33.68351759337746,57.829098057604554
3704,14.084647013156673,7.379502285536815,36.65792375173774,55.480301048464966
3708,17.264832385224327,6.348011526897532,52.50269469145783,35.8789746699003
3709,14.32309742881323,7.034055887484996,35.669924078228576,55.59146735617324
371,17.67378576282012,6.494346973764936,56.551559481692095,33.77900288672324
3711,14.532448667298445,7.100136927071788,37.57276608130397,52.78815368196371
3712,14.308290568262539,7.157870324565482,36.456737359890326,55.113834905787165
3713,13.490448746014883,7.271682102013442,33.35751238606191,58.8337941039608
3716,12.668404726997721,7.571545999613965,31.132875659342112,63.0119012908527
3717,13.08316177941002,7.16727872199176,31.28183134080309,61.098304115513145
3718,14.207503978345718,7.374137047497093,37.376710312870046,54.65745829882477
3720,14.828047796557652,7.338416476701117,40.531279019579635,50.905737865728454
3721,12.87397501808925,6.703548353655867,28.137031191885885,63.089434163307565
3727,12.871476232852633,6.1117262632796585,25.14957873743335,62.88005209817249
374,13.838657424039251,6.548385700577704,32.6768284095464,56.995677467581004
3747,11.034300198971474,5.73614046921287,16.926662126500382,75.18941006214352
3748,12.89788981385447,6.676489001092481,28.325578361454166,62.97725691424596
3766,13.080032865234173,7.013268718657764,29.878140514517824,62.41913645253497
3767,14.437838369915328,6.680168388062615,36.2150469860188,53.49816639926656
377,14.983467069203854,6.812611831005554,40.85395439107229,49.30616205725376
3780,11.257666687839837,6.251163326036784,20.93283181085438,71.48952176249328
3781,12.854554319049745,6.6756450684761734,28.0763528539659,63.336676405180306
3801,13.145291007223202,6.879853810143833,29.538158626888674,61.71938535290844
3803,14.082193968518412,6.617938854649102,33.837762119025385,56.02130910943204
3806,13.513501425059308,6.806845575209224,31.24135328889448,59.97987674506351
3807,14.893182843490214,7.055772763247647,38.99676605929366,51.892638867123495
3820,10.379275537238014,5.919221437363834,16.792226225570477,77.08374276667759
3821,11.091768842708966,6.210957795134262,19.117801652545047,73.90093139625338
3830,12.390004871395503,6.076715285290469,22.27935239875919,68.94998512726809
3832,14.852477637898366,6.939442732937259,38.43247815054976,52.13560755568085
3833,16.394356701483808,7.504054742664464,48.702774837789335,44.24370714647278
3851,15.536371365267065,7.004997794993124,44.10863492610413,46.687914549056764
3852,17.94531258105381,6.246129284134963,57.00766717930872,32.68485984665641
3853,16.868729622262038,6.2923572199191,48.65181303904294,40.320411759250675
3856,16.570470148314527,6.0923043220650435,47.1859073786838,40.34060333639328
3857,14.224559724600327,6.769866363769335,34.63789167877153,55.2064743722764
3858,16.667072289779114,6.58465271439679,49.083291912234614,39.97443726478733
3861,17.011922456563664,7.389002274164051,55.84296830351255,36.34149558183496
3862,18.588010046054347,6.446940716592261,64.29369662950104,25.849875877600816
3863,15.981477009001608,6.798851882278646,46.34690945597424,43.5722569366313
3869,11.453973663127906,6.400536984012651,20.185873605947954,72.47211895910782
387,15.745085704970181,6.138958682836755,41.42533046276362,43.87573211102623
3871,16.23980023969689,6.823317674204242,46.84738495777967,43.17928912744649
3872,14.461477493265491,6.735957274966814,35.522022148955955,55.046918589906156
3874,13.133628036553715,6.318859277165515,28.004565458808045,61.13087648583062
3877,16.20655558176987,6.289568120145608,42.90140221699157,45.7883195525781
3878,17.107521229698072,6.270781527511676,50.53254199373243,37.818038915367644
388,12.698485125939637,6.509133292730542,25.561832332544554,65.36814892831252
3881,17.48117014363539,6.464179845102331,56.00906095551894,33.76441515650742
3882,17.44159092227266,6.567516007975882,54.84881632432579,36.07611176383206
3883,18.17689306377209,6.26112860524335,58.8192785299236,31.812818924578945
3884,17.791008924752465,6.381090108424513,55.70516017192657,34.1146018854931
389,14.666577528757212,6.754423092077178,35.75656514345032,54.14448837157939
3890,15.81419356177855,6.387003491001491,42.42279936994029,44.17194769039159
3891,14.079532910197704,6.600792391237126,33.74433311195172,55.326152868816955
3892,17.81004271694521,6.6142377644539,57.041709577754894,32.744021055040626
3893,17.92816272825882,6.606421951329659,58.067859559215165,31.98641081376769
3894,17.893953263248342,6.615393471736417,57.7270844344137,32.25677432256774
3895,16.05011172674622,6.651717849395035,43.543788715237284,43.98698908845865
3896,14.01182329848734,6.117097532466217,30.315677249915492,57.99724367475362
3897,12.760325528729293,6.121808206556337,24.732019027621156,63.79567341965755
3898,10.435627872603128,6.652951367852577,19.96733678111755,73.76249173698332
3899,14.904668866878861,6.104042608602593,34.96871315861068,50.89067095052404
390,14.65724913530383,6.697664220168401,36.82807714593162,53.6064895290125
3900,14.470308685092373,6.155303809087062,33.44634815466639,54.740152181789945
3901,17.024278904806824,6.3813755549938165,49.00018131426943,39.108192814774526
3903,11.51388718304814,5.910881471438449,18.758451603119035,73.39972449353571
3904,12.771551212209323,6.777099978394305,27.344292076147703,63.51192804067266
3905,15.00747584771081,7.014715891088638,40.669609079445145,50.6469104665826
3906,13.00339972677222,7.368693569790969,30.722990258471857,62.70746430416756
39092,13.067730059396816,7.383567369676222,31.601362862010223,60.858668588651554
3911,13.949219031661341,6.449953142140066,31.67265304013024,57.17977208713404
39119,11.466178856133395,7.644756780875548,25.78598079393235,69.26264603339654
3912,13.813475338173339,6.184943308477626,29.40848936886541,59.67031828658742
39120,13.729112715814086,7.122254642076613,33.04205542403565,57.613842083275316
3913,13.01674808413427,6.517644172454206,26.95124475958801,62.87976812794369
39146,15.878553638354004,6.84224255145084,44.72068235813416,45.487945785244136
39147,13.09007016961466,6.285367520513376,27.52476323271101,62.85062383427196
3915,14.307657373634692,7.245216644602423,36.58721208657099,55.09709112817265
39157,17.222731275444055,6.681176559421024,53.274539477117365,37.00620988362991
3916,14.639657244814272,8.340321891744766,42.80613026819923,51.7088122605364
39162,12.938542020947246,6.297211060313811,27.261866383479035,63.27536836516033
3917,14.330071084478579,7.045877570121445,36.71620827540739,54.62284837974575
3918,14.21615035130523,7.406202652014128,37.230553287787,55.121098841289616
39186,13.510312060102816,7.186820203576834,33.72843372843373,58.06355806355806
3919,16.00631101234865,6.602108678152418,44.157217857926035,44.52872050875224
3920,15.049463838469205,7.1472202931588615,41.097343301342576,49.65853532348604
39204,13.633790423965488,6.902287020262318,32.394531402729086,59.19795644410849
3921,14.158382236638872,6.881443174074276,35.3070544250249,54.68117310702596
3922,15.241134408825467,7.258258961014165,41.76464965108499,50.194054105726025
3923,14.73477791209604,7.507664111052357,38.68532522543593,53.28603726514384
3924,12.944509957700863,6.341104553018627,26.855535827684974,62.84910770985343
3925,14.696683173495662,7.246153041252371,38.63933598352908,51.5091872013674
3927,10.119347002701774,6.644912393808097,17.55574092663547,78.23806359484794
3928,12.304577643989237,7.075959012475731,25.970586083266262,67.14421599473184
393,9.402148831416499,6.195103011037022,14.642551875897938,80.45538036263117
39307,14.71884361592091,7.36359976672404,40.07554945054945,52.426479770229776
39310,15.50238485197184,7.102159939883666,43.505615149894616,47.52036868099027
39330,14.2708226918776,7.880883488382913,39.05980971871033,55.04973484587609
39334,16.642195626538463,6.836326239496462,50.250215028540154,39.763077644851045
39337,11.185008133184883,7.269452317756018,24.17994056632775,69.61481970647509
39340,13.460945712530025,6.995864344968068,33.15803359423094,56.97827807580688
39527,15.451884429877365,6.781773622921365,42.48019078390645,46.08816062774059
39549,12.849820337163852,6.19799350533833,24.68452688985311,64.96954739062936
39621,15.915991519596359,6.803629115279577,46.125552608311224,43.64986737400531
39659,13.99593701997464,7.9742269158045955,38.52079513527061,55.37454986743349
3974,16.67390114336928,7.1449187896411495,51.37660232051476,40.22293154988093
3978,16.815736154713004,6.767149655379873,49.859162708494424,40.395449022423506
3982,17.130487165856234,6.929423405225045,52.665718236716174,38.77354079409453
3986,17.44097052183805,6.452628092841321,53.47651601763923,36.254928953078704
3990,18.192481812860862,6.341084556713831,58.20529738900934,31.897445565086247
39929,17.948014441130596,6.37669946360408,58.580071060465414,31.479466086232833
39940,17.83898424477284,6.480980523585038,58.10724646921924,32.14524819077374
3995,15.262923490018174,6.919660668482271,39.771982821371374,49.233876837967685
400,11.365922053481457,6.461400499873653,20.8142811345268,71.87642364216174
4000,16.98283492045223,6.791110796354716,52.90514648938417,37.82473573576594
4005,16.287959477922996,7.016366859148231,47.24019017691351,43.757014304079014
40078,12.731764309647316,6.509149480883329,27.424738762647205,62.409810913916075
4010,17.11208084670333,7.136978342288456,53.04627109417529,38.605334784975504
40141,12.951029529172565,6.467257821907084,28.49851777146175,61.24812811344397
4015,17.093636719008163,6.703143756734986,52.30779102917854,37.69101726145187
4026,17.12977985472524,6.84477989369611,52.74793228723815,38.130942258638015
40326,12.774926313621815,6.824649813571576,27.61621783429604,64.6074703149772
40334,13.070479535519977,6.964714715907797,29.085663665964372,62.95609078720552
40346,12.748488673589181,6.957244497013956,28.17009109648248,64.34935833499567
404,16.356732353300472,6.966122505932342,48.18302454958403,41.559485530546624
4041,14.221440507517261,6.6689804085456945,34.492863618156136,54.620201125798495
40496,16.086734392707196,6.598349073258699,45.2372401554842,43.97604360317728
405,17.248614762254235,6.959592668215577,53.610127668705076,37.785645317026066
4054,19.362268835709386,6.262497339341318,66.37625497802581,24.435823742444356
4067,14.685249829613014,7.280737419697464,39.46446069194241,52.17079972865003
40684,12.758981072469355,6.3349295293402195,25.129394227982278,63.835866009689035
4069,16.561740094518747,6.654859908611098,49.59577567370721,39.51930080116533
4077,14.563708319137008,6.918591184798804,37.08977054575372,54.07486973215102
40789,14.893546619635421,7.647805336711539,40.82624064456249,52.38847528584688
40795,14.866641818900321,7.576696737811485,40.2268096404388,52.903039907794266
4080,14.821177065156704,6.8809184723576555,39.116448638215736,50.62094242879145
4081,12.929005280191292,6.745614463039341,26.814327368054997,63.36302597437338
4082,13.832291648422263,7.263549728566976,34.633223542064776,57.925617215783056
4085,14.19648205645294,6.845008587712012,36.74619183417959,54.40808235375948
4087,12.530297496274905,6.5014752367065665,25.17533063744164,66.29646994471469
40896,14.987133718603387,6.746139987521025,39.62001207785571,49.9899351202366
4090,13.652293844269245,7.061816101577599,32.41371073689239,59.70646389850977
4091,13.484865727037514,7.066573908847947,31.578774975433998,60.92531935800851
40911,14.923341709827916,6.75756285766008,38.87782411153295,50.777992157839044
40925,14.153777663641891,6.884606341398685,35.05909476697787,55.169050303391145
4097,13.357670546248288,7.039064562409998,31.123375551310172,60.458973088987946
4100,12.350153361498013,6.5500924459441165,24.327442517034502,68.41219426120476
41006,8.893962538328497,5.991314528852236,12.884604985670252,83.92635051100416
4101,14.586968835805276,7.223922973541137,38.787505980452465,53.77964595721414
4102,12.823592953358588,6.998037722534294,28.56876263542585,63.38603493857239
4105,15.010856747470243,7.042307065192242,39.290694235130076,51.66692488626601
4106,12.54825530478232,7.020541988392508,27.400171270893463,65.5682070474801
4108,14.947866230328838,7.190130363852001,40.271408633236966,51.10781577110956
4111,12.350915758389403,7.065117365757103,26.877143946131373,66.22411383559903
41112,17.018862040400627,6.574986938621654,52.01599047946296,36.65490567460883
41233,14.677826364807068,8.088189999241353,42.89494682194188,51.736745886654475
41240,16.04774933830078,6.544962866734733,45.9611030478955,42.89346879535559
41277,14.882328197089555,7.034896286210108,39.50471698113208,51.33856884785227
41295,13.503820636738757,7.465874071407437,34.08378401416922,59.200045462725306
41333,14.917189279962102,7.143033896974642,40.22616245050145,51.176398546681725
41344,13.091328166318155,7.649809303056049,33.27376084168863,60.015751370672156
41380,17.896159598838306,6.98514136095107,57.493937422369434,34.95987855129039
41396,14.184237031082047,7.26291776953588,37.52376024924361,53.75158870305593
41652,16.569176609441033,6.978646575346191,50.48268180130483,40.75213493873654
41656,15.045468196107638,6.863625273323419,39.640616832200735,49.857553580763195
41660,14.94863667762615,6.947390751621086,39.59090547316478,50.297137399517155
41738,18.78752840702117,6.226878460414521,62.73500193230126,27.529609675146062
41739,17.89706206140099,6.2470859903501434,58.002035278154686,31.57055630936228
41740,17.89945289438226,6.243387520001544,57.97236383454635,31.52498495566178
41815,17.891297471141268,6.247767345751026,57.91718049488861,31.576521027579606
41828,18.232514188353512,6.395499462588382,59.63962324248078,30.911862401601674
41834,17.910047037854767,6.249679438035027,58.08298223117787,31.507602124931307
41997,10.36497854180028,6.767382129439767,17.272942586065174,77.43288239965449
4218,16.972135678469595,6.975515304960505,53.26756963966266,38.46869409660108
42189,20.047197928149554,5.765499802165959,72.61413696435723,19.714657589106928
4219,16.670034577486444,6.902955650271473,51.21724092058002,40.04052353127782
42193,20.04605790897719,5.748154106038921,72.69433629912828,19.52920924367225
42211,15.673799437758632,7.196197454283984,44.18556098375715,46.96542653137918
42216,15.665589380775378,7.195823365741479,44.148680554104594,47.0059129562692
42243,16.78586562969086,7.180356160786446,50.05477801210594,41.51488592478979
42245,16.61834192712779,7.279382838076932,49.38333924527272,42.499113209091654
42268,21.28951405983657,5.1745290008203995,80.97332506813866,13.549999508024127
42272,18.55198847404782,6.762570575384903,63.154989055266064,29.40549754954187
42302,19.38711934333406,6.148342283797143,68.33165650707225,23.851374011165692
42309,18.962351247175018,6.277144196219716,64.85832251515359,26.438004509472822
42312,18.34952539031073,6.652692855427459,59.425738438369116,31.198540162033222
42316,14.728915446753067,6.362293472825257,36.728954301403974,51.63685679031559
42317,12.37287371756637,6.945651351395361,27.007289999745993,63.89799080494806
42318,11.217117697492009,6.628227575468574,21.376493957586586,69.4217260550642
42323,13.428321404890443,6.472367729359691,29.927053427947204,57.6286947258184
42324,13.395596921600886,6.55882536515355,29.82468875902871,59.25193277920947
42325,12.786209522517506,5.994149868099143,24.174066710846034,64.3878948531036
4234,16.752178011703812,6.8420872672390995,50.9193942814146,40.14061324303988
4239,14.675487432104108,6.850979894253939,38.61658981054503,52.318462136785385
42392,13.691610653460366,6.461718454916143,31.966513940339247,57.28212127120297
42393,14.46388787217885,6.7012312436167685,37.123350134946946,51.94040151337762
42395,14.356901405996567,6.842373010393934,37.167762217776506,54.07735543488615
4243,17.0403334669175,6.934033283240631,53.31639250255799,38.205696166949636
42444,15.641075476701824,6.49498705202882,43.13421838970679,45.51991376840267
4245,15.689077497937358,6.9764285823344885,44.42650816219626,46.151954757806735
42460,14.180219909924809,6.871276994215498,35.8222833562586,54.419257221458054
42469,14.59166129910277,6.140432336166235,34.60388352710733,49.767635810970226
42473,15.22196958297618,6.970661635118032,42.24286385221521,48.16899754735688
4249,14.873367573573068,7.1555182069754535,39.732997245950614,51.63609205059983
4252,16.575615124500064,6.964301785708487,49.82175394121841,41.02149138194452
42521,15.700460740254202,7.2668706574219275,44.727545025152644,46.78775776659882
42559,15.917827991947298,7.197772448311636,45.43791951128431,46.05647423805739
4258,16.46399061178881,6.476308934170046,48.65746491299351,39.98932008404629
426,12.39506742049105,6.859138151642838,26.089173830686292,66.3503569867405
4261,17.654077197076923,6.79603822487154,56.70220605167411,34.6186616312808
42633,15.724823561740099,7.117842786367368,46.159089618086455,44.7740139738322
42639,16.19284595164682,7.171886375997134,48.825910931174086,43.26555023923445
42717,12.555620023390425,6.614749562560067,26.020547846510755,62.33807403564893
42719,10.901568534778875,5.890117046964254,17.06472508953023,75.81498841373498
42722,13.781125796850436,6.880912972486927,33.111027729698975,57.71311683753132
4275,7.957294064644191,5.74748544399412,10.48186966520921,86.59746020780118
4277,7.850225805817485,5.763833794007272,10.293403371170555,87.30684128154851
42835,17.625710965829636,7.108123243363124,57.5507279173267,34.574187221845065
42842,12.008467402883836,6.6209106371422015,23.74473972444803,66.85305816567706
42855,17.655359011766382,7.110230233773296,57.773072172225156,34.411001033552644
4288,7.936988218725767,5.6438718213468215,10.053064424953044,86.76033479822753
42909,16.875655135258725,7.037294670889547,50.30018031308909,40.15039750840096
42944,15.472955771933272,7.862850716506775,46.00707075882564,46.914997181943946
4298,10.894394995813242,6.571133211234057,18.32731752653079,74.42021311085655
4299,8.286905666781587,5.99140556299729,11.308582011750131,85.74652586132882
430,12.3544000353751,7.482436273013812,29.830399313009874,61.163589523400596
4300,7.719980437810374,5.336243570930548,9.276377259903661,87.21209757159575
43004,16.89588471918329,7.042017971147528,50.984485361923774,39.778680799748685
4302,10.41836484228188,6.67397626588914,18.543485817208943,75.77497129735936
4303,8.273730919108141,5.7196484632293805,10.841899167890357,85.57314044342922
43040,15.056495254921359,7.681862718818663,43.34003232088841,49.291426677164054
43063,15.957943249574221,8.00802338023556,50.25439833261815,43.32638590898874
43081,13.731833247119239,7.648562360461222,34.63422442772531,58.74713195667254
431,12.725600530947695,6.157021703237586,24.979352804264586,64.63323072302725
43131,16.01590197068703,7.024256259928914,45.437367216865496,44.55691289426377
43206,15.079762923082038,7.183333996016043,41.50724119435008,49.85137672090112
4321,15.939343228531715,6.84236405879539,44.780542223978244,45.239561665485226
43245,15.294998478814696,7.2987148106337365,43.22948140076279,48.463024419238195
4325,16.467164901226827,6.883325882993152,47.96882078923829,42.23365821358456
4329,14.514854161374126,6.866724895048636,36.68068429511878,53.94108192606618
43328,15.251319399845586,7.306727721043712,43.00768473689966,48.60968893218941
4337,14.562504019326253,7.020976141365772,37.791735537190085,52.92341597796143
4345,17.17653637172512,6.850073406709768,52.575570457404694,38.238247480984754
4349,16.76177085727308,6.907724340328108,50.14678796673551,40.62063961600714
4353,12.35932807719463,6.624956495234072,25.86238616502622,65.52870021157207
43552,15.210024436999012,6.489980501413713,38.6643405670683,49.82798819558802
4361,11.537035142756626,6.620602550931012,22.491942102070674,70.41591836249242
4362,11.06555626127213,6.224020583421631,19.02953286951583,73.81679208670548
43631,12.360538478685593,6.312348295738185,23.561599416330584,67.11387633504245
43635,9.639741286033233,5.033947580196146,9.651482680528325,84.53026917757208
43687,15.933464904460244,7.046778333715846,45.81818922248353,44.8825631471244
43726,15.914573261288133,7.069699998101913,45.82814558184016,44.89254587776755
43740,15.936670344682046,7.060263143868778,45.85453664278049,44.86447190777859
43818,15.927781440815075,7.052446957037285,45.8590644520159,44.8369179443498
43849,15.931411700478902,7.05746079062418,45.84306569343066,44.847627737226276
4387,8.724196263623075,6.149665222968695,14.544581783271331,81.73326933077323
4392,11.275971356685599,6.405978418156243,20.83178934978312,72.63988490964971
4393,11.5581078061007,7.398866245723636,26.456515620602307,68.14764183185235
4397,14.166286418804418,7.164013692983992,35.49861105519546,55.328314344377794
4401,13.40223326403426,7.144987552570539,32.83258340354588,59.0627969094527
4404,14.261600644987844,7.180846713145682,36.68730650154799,54.72229475176247
4408,15.833682419728255,6.4789755800962325,43.74296910733933,43.57855438665892
441,12.989878306975038,6.941837288163002,29.633492252681766,62.432382873384064
442,13.51156010972321,6.89049015309604,31.619734090230057,58.667276665670755
44248,15.481410257737023,7.1353684272935896,43.89621437686091,47.25576566769279
44250,14.56972556565341,6.647526461920383,37.411594285227366,52.19203567472378
44282,14.394274314492922,7.185273182403064,37.44383495627277,53.842610310272
44284,10.606845390609376,6.579427266166443,18.92273200304518,76.07297261431654
443,13.634932271286184,6.5632152755465905,31.03708299527514,59.44733451057128
44309,12.057757780242325,6.66567430337568,24.09266487968446,68.70878644883149
44333,15.364054853966689,6.936659478480947,42.33269460211866,48.196970244766625
44342,12.194071574750073,7.032143366886909,26.13451526064196,67.18731132846072
44374,10.02770723031649,6.126893452832169,15.45941472609825,79.2947288568079
44375,13.320589907300025,6.397595802616148,28.361956780732783,61.76249564691435
444,12.781881638211331,6.63327396183716,27.609562896421092,63.536434864965706
44429,13.24113944676187,6.3583700239380825,27.520788074013037,62.864259495093265
44434,11.672756304952346,6.500271764833278,22.619617861514715,69.36239288945659
445,13.26265613020262,6.7238313762824,29.742293500682766,61.16873432309674
44564,14.935027870970291,7.072564361888429,39.9919522915334,50.810961391634514
44568,13.568169918840074,7.264237911301053,35.35922541555703,54.90896850775674
44570,17.523585479170542,6.8007494377283075,55.07597576720627,36.08104081835336
446,13.129651422968724,6.679619598216393,29.267682116654793,61.774277406558696
44643,12.145621549527325,7.112433649820399,27.0031739531074,67.77925668065936
44646,14.116847859052086,6.714096395206871,36.159258364536775,52.67846358255828
4465,14.816622875446148,7.160889040712813,38.92917686946694,52.745338105104544
44659,16.35640414134935,6.842375547828515,47.769024711122384,42.421024267304915
44660,13.932397311128941,7.547403354348766,35.539775818913924,57.672216780933724
4468,19.109691820663777,6.152754738452344,67.1911816482951,24.507759391165397
44689,15.323370629107705,7.2483609342794155,43.07785245035113,48.1529864834252
4469,12.12095153101705,7.066228377001094,26.039674214845437,67.16079471833159
44698,14.459003055525548,7.507564737106499,38.7462449195971,54.05990457678035
447,11.999133351230132,6.513409786952405,23.16958193772485,68.2409130380846
44730,15.330509830171016,7.207879251019621,42.89055472263868,48.356821589205396
44732,14.484816750521604,7.511461346858918,38.88819809577945,53.96653403438966
4474,14.91487965621399,6.8041422056510354,39.155885189742904,51.026041839890915
4475,16.058318541024843,6.930522852663965,45.94848838718049,44.48877643700532
4479,13.35098977522358,6.765342977661687,30.122041669476097,60.13215561998516
44799,15.245715812488104,7.2847189178411496,42.745948224595956,48.64388789774395
4480,13.586684040000494,6.898747373211219,32.391438145387404,59.436504137317925
44807,13.574586729754934,7.320379781879483,33.831640940559225,58.82404037420845
4483,15.559615505677316,7.116154268749988,44.821877252098716,46.14635476519741
4484,12.385090293979657,6.6909211145913225,25.11785781633038,66.75332022305433
44843,15.283115162229041,7.267440501857733,42.914754345045516,48.363554284854416
44848,14.468133014467432,7.5053657983056095,38.79632747833177,53.997766709796345
4485,14.372020928061215,7.237426525103414,36.93548169984789,54.98122198441223
44871,15.360698949188416,6.8966178837721355,44.40538536958653,45.928689289045124
44874,15.385438840090718,6.393838567661816,39.65697991361597,46.036538488419225
4489,16.00378977513426,6.626482918392177,46.90483045779717,42.27148900356581
44894,15.369165366480273,6.907694861634607,44.38782176924082,45.970088972833
44897,14.14643448533626,7.074944744128384,35.935581109746565,53.90337166461985
44906,15.36422333260233,6.86854135529135,44.510823644218064,45.678277737447786
44907,14.087780640059691,7.189537281248724,35.80629837650544,54.2054377287842
44928,14.536417433860487,6.816366031475978,36.88770038579924,52.08289809050265
44932,14.413258171171138,7.049116240655721,39.86091694447432,51.27074595834677
44946,15.353081098335686,6.882218200058818,44.35437794600771,45.94343665190687
44947,15.354843455595866,6.400085107913728,39.53170350524671,46.21985934360348
44959,15.375873628124948,6.877376942403697,44.60614707805719,45.64056833719755
44962,16.058279236430327,6.670584477857538,45.282151956894026,42.90269133842919
45000,14.580491863849312,6.856471949505896,36.935391652372786,52.15802758370637
45001,14.462544278357447,7.095233244495725,40.21942862600432,51.1240046321168
45022,14.633497608888923,6.840514564523677,37.22359580382461,51.809635558535525
45024,14.400713044631534,7.0614467553164095,39.6738741745536,51.541230600519704
45034,14.329549446124386,7.340684809467878,38.87119307069013,53.36825929030455
45036,14.61342227283002,6.736375954442684,38.33998689149735,51.3662634809033
45065,12.82423922206038,6.3947202579494276,26.922854999711497,63.52393591445002
45071,12.421719393316174,6.560764102734665,25.0123412466903,66.79082708791455
45073,15.480059903115391,7.389935467066401,43.72395206699071,48.923432311468304
45087,16.534425642624388,7.629153651247869,52.048503236666285,41.17372014006504
45089,12.960297640153808,6.381905483484577,28.679903491639074,61.46454571091359
45094,12.283666371235881,6.2261329653106765,22.676059825673534,68.81685816164817
45199,12.946848990577912,6.485225467699648,29.139703880547003,61.194529957487795
45200,12.365758848914131,6.2249330665233495,22.877355553064554,68.33065550698103
45202,15.2207610896821,7.384773478487916,43.964833972968464,47.628483230435506
45274,16.898655132212248,6.949188674509862,51.468037465703745,39.094053213073046
45291,17.47973770695039,6.981608741189451,54.7560651908478,36.60455486542443
45294,17.460298267081605,6.99270252255501,54.71126219518613,36.61029079006914
45317,16.020522658620557,7.140097880030012,46.25443310632928,44.53449663845434
45323,16.9798364007752,6.946971994956898,51.956842105263156,38.90210526315789
45339,16.007767981589808,7.127653095126395,46.64268457518705,43.83614129567152
45364,16.199128703863472,7.072377662619794,47.051531986342276,43.10296255394913
45383,17.994930457142615,7.0006689164950595,58.83541114634464,33.3174058468355
45397,16.447921842696932,7.009117421344457,48.092509254163026,42.52382339927262
45563,15.032125045215444,7.0297091407082295,39.753341601212625,48.788755684167015
45566,13.541674324862766,6.74238724778413,32.10274876109665,57.36746408071589
45570,15.00980509526304,7.016394364675707,39.614007437822295,48.983175037672986
45574,13.049567843734167,6.733456031239797,29.42786242723625,60.72265126742271
45576,16.473724339672955,6.783447391908433,48.543914465654446,41.46121173656203
45577,16.518706701289684,6.742210963193608,48.657341975729814,41.26906769335738
45583,18.117323084118386,6.47547971200339,59.245543019550425,31.395105626437985
45585,18.109004238093064,6.473423745377637,59.14810635792779,31.422929748822604
45588,16.776072270237485,6.693697242088814,50.27606280918382,39.40976074556538
45589,16.50618368633531,6.76142400167779,48.73279657319637,41.2644270812676
45597,14.176819447980053,6.594074286587496,36.14916763331975,52.20553657083739
45605,14.604184633171828,6.758876709286445,37.789715521319,51.63186701804175
4561,12.420812192928642,6.4401692502539,23.987146571073325,67.50795265546029
45613,15.033020300703653,7.083919754516329,40.12991548508766,48.47943004819445
45619,12.923652499171356,6.888442170331801,29.924325183228394,61.58460285617813
45624,15.885767824080538,6.656319942420991,43.354600296895235,44.92593411452576
45631,13.194239194546094,7.43952521500095,32.20309464800054,60.468886060687254
45633,13.733903131763812,6.683620157995687,31.756362776770942,57.29099361752424
45644,16.75059792907119,6.7181751798899185,50.28022840263217,39.582756392504386
45646,16.52570466812446,6.77093292394405,48.83315186735055,41.17353832430376
4565,12.664535927342815,6.4728403848598575,25.226488699745303,66.33781474675177
45650,14.82403807512148,7.025182484769179,38.49983938323161,50.52066602419959
45658,14.85149641474161,7.0937737077765295,39.30711610486892,50.3292759051186
45661,13.208189682915066,7.408505510976766,32.17257525083612,60.52709030100334
45663,16.5152335695837,6.752969727665363,48.63861819454981,41.35146174943106
45664,16.592684994347422,6.704246568452401,48.9088843023121,40.963799540826976
45668,16.11303841350762,6.781072007155163,46.331412648184006,43.554290842110234
45670,16.197309877271138,6.914005375342986,47.09644741801734,42.72168300037693
45677,15.150690663635794,7.15619632340335,41.524701873935264,47.83755564103973
45683,14.712886393018643,7.149594032936352,38.73644302184655,50.727182323875816
4569,12.320469419149145,6.784768081666315,26.52968367062035,65.20997280332564
45692,15.879648299061346,6.663945364436547,43.34992439516129,44.876197076612904
45702,13.694740638702825,7.05655095527997,33.82626967450343,56.61367270612801
45704,14.51332789566819,7.919242054165135,40.14839566916185,53.05145172536277
45713,12.859911488919483,6.943759673623646,29.926552106430155,60.95482261640798
45715,14.9123447813536,7.076179805900704,39.37255753365176,49.70554711246201
45724,18.162238303106534,6.440805384093891,59.43747966869354,31.054975852663713
45726,18.024917634866405,6.544402644224039,58.86469769218448,31.857218546310328
45727,15.164770441319527,6.949403053168111,40.059081793051114,48.37118543010461
45731,12.9918321143961,6.843393416031334,29.48771345272803,61.42678645802344
45741,15.361068308308342,7.477187878239976,43.9952714998989,46.89147781182436
45745,16.190500432602683,6.912358756710757,47.07737801872844,43.01379990142928
45746,16.04086116096625,6.970864722021973,46.39963609092809,43.87686103837028
45747,16.095176168405356,7.052714060220851,45.360971030628505,45.19614906018731
45749,15.618367641580221,7.45010062422321,44.379710837915724,47.258748474286215
45750,16.075945303051505,7.056532115248762,45.2506366584681,45.27457937008902
45751,17.054115674291843,6.6922967644659614,52.19176143066107,37.5737271740669
45752,14.457832309178691,7.165915448767435,37.85452911343648,53.72408037491173
45753,16.346267809919464,7.469752898250223,50.080594041474235,42.67318663406683
45754,17.254977472934698,7.060048597461074,54.881541265295496,36.68584869242026
45755,15.672125251411218,7.598164272904975,46.1136622525986,46.8638758365371
45757,17.093356245904893,6.8671441894797285,52.22152126892574,38.04974765681327
45758,15.886908754754018,7.418826584479259,45.787425623854666,45.634714146738766
45759,16.35918173480591,7.149214600686369,47.81929436271319,42.696263507355816
45760,14.791204554594042,7.453346240793516,39.520986040431396,51.93052896960643
45761,14.996102970318548,7.284672597301116,40.02011593128822,51.2466583732564
45763,16.350719437017737,7.135746151628669,47.71894735697903,43.04053393045425
45769,16.715801175576743,6.753029081079457,50.023702299123016,39.638539938374024
45772,15.407656739270669,7.111550928222832,42.26044226044226,49.23653416804102
45773,15.68565215941765,7.186286852928363,44.19546916706591,46.849633837519676
45774,16.49725095572829,7.4728450885523126,50.52772247525022,42.11416259852183
45775,17.01270432355015,7.023800320231306,52.327807569117425,37.81564453638929
45777,15.871868200074227,7.605537606007738,47.743108694477954,45.360184368304495
45778,17.111536300275066,6.867789030594354,52.343574034866435,37.96905266002973
45779,16.052109544285308,7.185019031103585,46.35229705691247,44.856786783268184
4578,12.626236249469835,6.504849336176295,25.184025311551622,66.38470975657003
45780,15.64235017913092,7.14452555994092,42.807278553444725,48.71061264972915
45781,15.801336034416634,7.111898384773007,43.595191554057244,47.79549940036073
45783,15.291243736571541,7.748012592603497,44.986418805084064,48.39718978144018
45784,16.537610268782757,7.188439755201151,48.68366699243348,43.43848548658479
45785,15.33300468972001,7.338201285113914,42.20272994192201,49.9995397940118
45786,14.08626755936422,7.009070434899299,34.000913798355164,56.868717636308254
45788,15.444639125798997,7.139979478266405,42.44345442083619,48.54474689121708
45789,17.34505957014416,7.158099539284124,54.1008892151306,38.48619718833335
45790,15.248318710864414,7.771879453574523,43.84240156362239,49.70932660663871
45793,15.288779812204867,7.800943627798878,44.33422875027725,49.14976464499593
45794,15.877847343303891,7.664701954788129,47.55144778704039,45.76134670371712
45795,17.258405786908146,7.199469814480278,53.55477908642223,38.23907748168557
45796,16.830169923834895,6.791189013143714,51.936140048079885,38.38624175553227
45797,16.059883530249948,7.107194791216268,46.41074539718416,44.50016480670528
45802,15.03516635188836,7.010208410180176,39.10601363918165,51.082455052696844
45804,14.066312983727489,6.751160043490871,32.93705437742893,56.90504605404082
4581,13.065150238667519,7.161476578760636,30.874456945527456,61.24763283947867
45812,16.071050710098778,7.4045823757475535,47.15420592888094,45.32980259990371
45813,16.60206499925533,7.090952967238305,49.11727888807355,42.52773341390771
45814,17.237311401562543,6.919207707607686,53.80505527384353,37.38998659439296
45815,16.708088082581817,7.326049270154833,50.60842356213371,42.419539088109666
45816,17.453310795680952,7.017371848346817,55.057392234381865,36.388204511163316
45817,17.58379073928963,6.960179580033386,55.70621254646135,35.6491314571797
45819,14.153547046181881,7.917594801249431,38.443653697114144,55.172126434386946
45820,15.345127220680434,7.2305370189582545,41.583871293120836,50.48794633851119
45821,15.324185846736803,7.281398407604879,41.65964616680708,50.49567994357478
45822,14.13475644901278,7.881923945222963,38.32125420235501,55.28187454597672
45823,15.204484275366955,7.526651841163219,42.493533263277016,49.64432948023604
45824,15.843463914906206,7.061025954695394,44.89088473962026,45.43561693171714
45825,15.607181948611437,7.275667036085036,43.12680032811278,48.992770073062324
45826,14.169301723530142,7.923500152310509,38.50674479850285,55.08717853181021
45827,15.827384950123516,7.052707977297583,44.90681902533938,45.43992442050094
45828,15.360312869755067,7.261552154945485,41.761194408182405,50.4163445330224
45829,15.407963139476772,7.257011685376918,41.97955553818189,50.1612493403436
45830,14.081775707755819,7.889789027225699,38.05108718598269,55.38188727042432
45831,15.185835413354258,7.529110201369598,42.40468555590398,49.748626804374
45832,15.59061734959365,7.265159915629923,42.993708790689766,49.1007160265251
45834,13.26691973814208,6.886078480053246,30.171096283594885,61.3039102396839
45837,14.09041030514888,7.007634184162608,33.97515755532757,56.862816942693826
45839,15.463453266271813,7.0940353424371585,42.259302472693534,48.77208766183561
45842,16.017201197941706,7.266370917973668,46.65411237785017,44.912459283387626
45844,15.695106675590385,7.150505471595672,44.55164643826497,46.45362830952015
459,14.164677323715395,7.061640425525425,36.65153160267167,53.3872931267068
46073,10.8461113807161,6.118647562222384,17.094060719900366,71.87978521407133
46076,10.827963363687433,6.1021009609942904,16.94955209806695,72.05686407150031
461,15.645896154581836,6.922510694393599,43.67713747333982,44.82844304557596
4611,17.08039471141514,6.618651844796231,52.0441354678232,37.036800816378594
4612,16.889682681634024,6.568486660294986,50.64696794129008,38.0359212050985
4613,17.258347960139677,6.529555945041613,53.004958677685956,35.65289256198347
4614,17.40353241796705,6.55626931704414,54.242310705405494,34.99097380700977
462,9.01474490324431,5.905062445055744,13.164997301025611,82.96047501949259
4620,13.122744149795176,6.8683320685590745,28.492610480997087,63.20616486677159
4621,14.003854955375676,7.037303819942536,32.77691259489975,57.16209201219908
4624,12.841450394705788,6.400777388789684,25.8054381973784,62.914093814321305
4625,12.806472363368721,6.408322164834092,25.669102410295565,63.30352273966626
4629,14.199783872181712,6.789285409998199,36.28624972207223,52.274772628614386
463,10.650115485285193,6.926286929544437,21.226431413250303,73.18629994810586
4630,13.023161137476057,6.887101399322315,30.616402456511633,60.110365015476816
4631,11.518140295476698,6.4216731366877235,21.123256542861622,70.56593794076164
4634,19.975294317220904,5.7502417406180495,72.52634019423479,19.39771761250934
4635,8.937638700068707,5.91252886489144,12.360663196349476,83.6168020447216
4636,12.83288498119045,7.222587797266715,30.830422017746724,61.69036723580837
4637,11.954288945011708,7.042027315181619,25.88217678473389,67.00717054585988
4638,11.65583813209639,6.857132166856253,23.94591935509466,69.21148261580208
4639,13.709002362413505,7.150738910120302,33.557582668187,57.65792474344356
4640,14.811249065329388,7.035924941560757,39.39782019983725,51.25331839223063
46400,14.468327793207171,5.908513534919653,31.300688599846975,56.855394032134654
4641,16.25066340951587,6.963743656711869,47.706825542804594,42.864568755248115
46422,9.780921355987429,5.045896240666944,10.27061855670103,83.41494845360825
4643,18.120943660718833,6.732201266580562,59.970860889314224,31.82590809753032
4645,13.073731003771528,7.141143238872134,31.44795142497675,60.655872217055965
4646,12.294264891124568,7.005093415714875,27.69205243072839,64.10320225651236
46465,14.818585704241919,6.540885611507941,37.72056403635351,50.993645730487835
4647,13.927274507413193,6.81911919576487,34.379382425316855,55.40443997565687
4648,14.71490666001696,6.977879375556115,39.72163503788329,50.32658005367788
46484,16.75212547512698,6.702957084245068,50.499711704785696,39.33211608687296
46485,17.209362417258248,6.676028696685083,53.63094061420747,36.55708920078607
46487,12.200459904519187,6.581181394266838,24.97579521571776,65.67525444541525
46489,17.461121462999408,6.820790680991018,54.709966476541524,36.24823247167983
4649,13.391168243132798,6.783469722428183,31.328710909862746,58.289703315881326
46492,17.388152035891885,6.86108420942042,54.38012050113169,36.727342280595494
46497,17.38965008392951,6.856307533937955,54.40949024985251,36.68861712135465
4650,13.335343529376498,6.828989927057733,32.09440115511962,58.515272971694586
4651,13.2305680436184,7.02792920333971,31.915408439798682,59.27216415021294
4652,13.190629570111543,6.927265482452162,31.244958322129605,59.370798601774666
4653,15.507905926696306,7.010740206720125,42.82119664301104,48.185146679925865
4654,14.419966485857591,7.197440028782247,37.97373411451699,54.52152500636834
4657,18.162450616483394,6.668077527686253,59.6457456650849,31.369564568597607
4658,15.356219014507213,7.028722646253174,42.27003960506499,48.55525185474424
4661,14.560522389742617,6.713528387355705,36.15957363429736,54.128066462888945
46642,16.594191933134496,6.861156990068894,49.315653897745754,41.19727923457699
46644,16.457001601542952,7.0653864802104165,49.148735901712435,41.91918357910729
4665,13.505305216992113,5.803726250648111,25.65969659696597,64.0770807708077
46664,19.310342464462888,6.579567241604185,65.25462146778824,26.917846169344685
46665,19.698105053727044,6.429492239050688,67.83949464246294,24.77202873202126
46667,19.360484905945125,6.761708939711777,67.3611439041206,26.05800742328797
46686,9.561644617131721,5.662206982387595,11.68734767601539,83.16734916059433
46687,14.107448181381994,6.901513281467952,33.54381838633807,57.63370487779936
46688,12.580553159150531,6.782032458049328,25.87978114456842,66.42995236229925
4669,14.577169334979503,6.160604783143813,36.07378670708836,50.05780643835265
467,16.544004568800204,7.086882008137229,49.50577071526745,41.98407169619491
4670,14.155786920816762,6.136538697237464,32.95296698731679,55.60358816580337
46707,16.615658688277943,6.967733331716461,51.59776475694444,39.4775390625
4671,18.570026159527686,6.149943805074932,61.5440193634623,26.79696061076792
4672,11.87716361878204,5.827361269857338,18.858212447356106,71.98564966463891
4673,18.503262074873355,6.131401536014585,63.12780526160601,27.04026471840907
4675,17.813087886418007,6.2365356858467935,57.46447998700982,31.56044491353414
4678,12.78681117858348,7.103477094868371,29.492650910547564,62.85474378331741
4679,14.886987485849902,7.239213119937249,39.275957935452674,52.25915629155082
468,18.6960754790394,6.3111364186511905,62.81820567615192,28.187680425898847
4681,16.95503614142341,6.178633909897636,48.57517306270583,35.855064184420996
4684,15.408200594964146,7.073681151033021,41.91469843831165,49.18820941876015
4685,14.586238510144907,7.160887157223553,38.483340324464045,53.12957021551578
4687,14.584819598476422,6.994116423949446,37.04735376044568,54.07405964509029
4690,13.986856093603246,6.582163522572281,33.14162237670658,57.05165282491733
4691,14.109982006411713,7.379070934367066,34.86136132215869,58.026552831518764
46977,18.39716387421785,6.481088993808654,61.44696847329701,29.75433547231318
4698,12.96149765478158,7.043689143305844,29.235871922439088,62.56920525577242
46980,17.173881101360962,6.85971141690993,53.43670446655867,37.19200802283422
4699,11.750841446785106,6.577018183622874,22.951194132128627,69.02870485520673
470,17.86161839377763,6.700102625086509,57.39172476177108,33.888550975529874
4703,14.409353612244285,7.166483171069697,36.782272907719516,55.426034862319106
4704,14.405659075680246,6.73163713176148,35.17911508555305,54.99793145148458
4705,13.068366942557638,6.9272818713352375,29.609768506741286,62.33731874841008
47077,12.573805198493188,6.442495854095232,24.520525867427992,66.97672276840191
4708,14.52095351162303,6.840021622199003,35.861975670922696,54.48860029760976
47083,13.645848467898023,6.742051058944408,31.61806005616764,59.583783394541655
4709,14.20067157196594,6.69126120911152,34.116363563571575,56.06589864979832
47093,15.333234308937731,6.869599409536059,41.726243469033555,48.77114414438719
47097,15.488226190832652,6.851216791623271,42.5534039636499,47.89425425098274
471,17.434507124622368,6.8391895115460155,54.92255764802372,36.19286457840447
47102,14.816415761264034,6.532912655674259,37.30212231804552,51.99330528371184
47105,16.838465677633156,6.685236209326389,49.85944052721323,39.93117962425304
47106,14.576093754221024,6.583261439113563,36.26767330130405,51.83527796842827
4711,14.827617373274254,6.547010825221127,37.57300882038842,51.64739541445278
47111,16.55906534017859,6.804478477148476,48.86568429979858,41.33714972260504
4712,13.934428704642867,6.735387252603284,32.93660649532571,57.54095591960817
47122,11.937628601165697,6.350616230657986,22.71813715538593,68.77157010028829
47128,11.249892638567196,6.384077724546421,21.504758601253062,69.79968348255903
4713,12.547388009108182,6.951978279419614,27.642151101177287,64.89913100445095
47133,13.970263630775275,6.494362830820558,33.45857117374242,54.430520870495904
47137,13.33005174273995,7.310191420225433,32.124386686115905,60.82416125182336
47151,13.472227803485904,5.675394544499062,25.72134260382908,59.51629713176192
4716,20.220144168191467,5.968449867785491,72.12645809274582,20.761333658236833
4717,15.79674609384081,7.397495765444335,44.91052904564315,45.79227178423236
4718,9.19707183911408,5.967093910038652,12.206397964566074,82.60262496509355
4720,17.42596561892112,6.5277511507610075,54.74171062047761,35.72185851732089
4721,17.40834326455511,6.546938186513751,54.79472101748131,35.72359843546285
47229,18.413138906553293,6.581785959537938,63.28508733687912,28.79501264277618
4723,18.057146732456687,6.729327298815062,59.47289048473968,32.19102333931777
47232,15.87686557407168,7.2353417377414475,45.655985971624425,45.93449048677338
47236,14.948625978480337,7.821882204462191,43.84991496598639,50.544217687074834
47241,14.95558370873405,6.57815408483584,38.78273530526358,49.78558749027664
47247,14.82074391746193,6.612497750197011,37.96517823036249,50.67552624700939
47254,16.510152897677518,6.99331432124107,49.33560853833878,41.39925107835237
47259,13.37645597046462,7.551324308566072,34.583787713558706,57.98255179934569
4728,18.082084834753104,6.764792078478665,59.242458607393964,32.54039197897349
47280,15.140292085425562,6.592811362555903,40.19665567593029,48.877767310409794
47283,15.573534550200169,6.824440383473876,43.03132750474554,48.59157856816261
4729,18.30559615172779,6.621971042402143,59.850098406621555,30.782400043137148
47320,16.386108947358657,7.07116562567772,49.53267045454545,41.32102272727273
47332,14.878262846476998,6.801108021011229,39.60665117110674,50.90410632338042
47348,14.340250294172202,7.494344598879044,37.67216441431717,55.14442381589741
4735,11.120986050215516,5.75390426125972,16.42406060676807,75.1841432523609
47353,14.653984623073034,6.614745723986047,35.57719647426784,54.87529956537634
47357,14.368128484128276,6.2150032998403155,30.474279302606593,56.13887450371138
4736,12.476212431693028,6.265844772988472,23.76330838253754,67.10330559300758
4737,14.096605119469015,5.69279757296411,28.012318601770513,58.94632771571759
474,15.919540458448726,6.517933130127987,43.834621498657015,44.44992599901332
4740,11.248086124306026,6.477263113390986,20.196837294012575,71.89289529446789
47409,14.090139324844998,7.029382627554834,35.71834964980087,55.2255203939495
4741,12.480323144682307,6.456303997877797,25.0165915679905,66.28069440078242
47416,14.313621958478205,6.946233370221618,36.93879037250119,53.69952299457452
47420,12.774851315782312,6.689095177939758,27.91336559082611,63.352297903262965
4743,13.36833973505658,6.82803265391982,30.467733427114474,60.51872692104801
47432,15.267840984690793,6.612509273365603,42.16857068861328,46.37420505884723
47441,17.241669954368607,6.602411333533202,53.88432722346631,35.97080534129552
4749,15.349059703864274,6.799815542443509,39.812396258218925,49.8578174659341
47492,17.576284065470862,6.733492792238375,56.590916912346714,34.631135787457126
475,16.94677246354208,7.022972236307682,53.492744412668145,38.21761465946404
4750,15.872245281580273,6.459342030615006,43.54280647881841,43.7352680405683
4752,13.962822769468811,7.000650969000087,33.54476144566086,57.28221847289703
47530,13.313997183946599,5.888176510495721,25.102508161970633,59.679091429544016
4754,15.11108605657183,6.96814188192581,39.518780254199996,50.50218736248091
4755,15.876124707903774,6.6720572934551035,43.834517160982486,44.427696144878816
47555,13.98395018145574,7.078157913894842,35.68644645815064,55.468673877034
47556,13.598817299774637,7.022259395262581,33.04286358484357,57.52032272610938
47557,13.240565758378393,7.019119521939113,31.230581379885635,59.95381844119105
4757,13.804066373420138,6.737340081801994,31.29378617118489,59.66341760584831
4758,17.74009922489548,6.792703710837232,56.24804544980715,34.84050870426352
47586,13.073677668506662,6.4386252187628115,27.62908205171779,61.78094995326706
4759,13.412905320811277,7.448513319512798,32.55971607449057,58.654012308755696
47591,14.083072252467256,7.325309856533381,36.97665491014659,55.05410398522037
47597,14.05903876710923,6.880173494618487,34.24014708554692,56.560592617930325
47599,13.934379412839473,6.881403555085331,33.6828340185903,57.00081288361627
476,14.863804320231031,6.953207553776988,39.339832573911195,49.470170605065164
4760,16.446687245976207,6.791906108503809,48.67656755314139,41.529299716369955
47605,14.611118071491163,6.756645075422672,35.3932648993652,55.00985034389797
4762,13.578227019012923,7.149826946557371,32.075136664003146,59.94825158860013
47628,14.76599728717448,7.0027600592858645,39.829743077307405,49.70022483137647
47633,14.051106202857317,6.882032128580336,35.67902820338734,54.15986201075289
47636,15.166024368572565,6.884813425683026,40.467280596140704,47.89951514757086
47638,16.477736861999908,6.6605871367953995,47.191412598903355,41.06342317240886
47666,16.031315181754508,7.045665360582338,45.92844740482053,43.80462825807591
47670,13.533685430246276,6.601859290750937,31.036167450690265,59.23449517720795
47673,13.454413331626638,7.742149965178101,35.031378360368784,57.784916506708306
47696,9.308328388619026,5.636129938708164,11.613027558296396,83.30314126035844
477,14.672094681746639,6.702254162227946,36.69533833001831,53.296363133422034
47701,16.64621577163397,7.128973317443357,49.318292142419956,41.846942867394105
47707,17.604426209595065,6.999026038271877,57.00137315482321,34.797459663577065
47709,14.302752139876771,6.898561191668932,32.946960570442485,57.34705173704946
47715,18.04850731135461,5.971829167333934,56.54240065546907,32.67349446947972
4774,13.310027167858225,6.6130117342352595,30.263540636453545,60.561987317470475
47740,13.852257495334037,7.235624719169492,35.2152919688229,57.162233032533415
47744,17.508232988749782,6.909211953379581,55.66536850613565,35.37548681019913
47748,13.745557592311053,6.519979721774456,29.733067472824338,59.79674535280118
47750,15.224068899422608,6.992351455401009,39.806996381182145,50.97764187729683
47822,18.51615848740292,6.494964019977644,61.81136429189501,29.146235938852033
47827,14.336159108452296,6.787560298203317,35.967582236238954,53.71850819612014
47831,15.45257384610824,7.302342659739687,44.67041763871735,47.120442797676226
47835,14.315102143894546,7.352346110549794,38.76512274382365,52.92275165420305
47837,16.55723285468906,7.060935877683368,48.79296598157335,42.25947909284196
47840,15.182069488782044,7.193139984723565,41.729960858068296,48.81408788046841
47841,16.855654629215877,6.638696242333313,51.48393273393273,38.00158175158175
47849,15.611211775710721,7.102870509057493,44.340139687179416,46.875307410165966
47850,14.930734228509916,6.804814404904503,37.488291181587044,52.50635621570989
47852,15.678608077951049,7.001059647025174,44.14065156770727,46.50524836201229
47855,15.076263862499413,7.067458819542062,40.44159599828051,50.952362343194345
47857,15.334397134648178,6.897196266216809,41.5425699026076,48.827102314378465
47873,11.957010563862859,6.612256917151364,22.793200144906148,70.5357502247387
47930,16.954461761921873,6.62447489400324,52.36118259278321,37.90244181391891
47934,14.007266995445827,7.116638095449694,35.623625192789056,56.35129326692119
47935,14.751163556995493,7.219272828353914,40.504664863088166,51.150413390306184
47936,14.729661951559649,7.2441113061528455,40.52038972362984,51.1518582639354
47941,16.270337529280347,6.977853374432664,48.22750690914054,42.54154014125354
47945,16.351188279144118,6.975847959773615,48.86110635382771,42.14934064052064
47960,14.905865478540486,6.686920857768202,38.12424387361787,52.06932448020707
47961,13.50241483982726,6.948766311360822,31.920746785361025,59.209631552917905
4799,12.92945439454942,6.384094028984096,26.759779497508745,61.147036997773775
47991,14.26931605285171,6.953047816065109,35.15722674749006,55.16101534381511
4800,18.53578225310478,6.065418956582861,63.22550065173599,27.069558004502902
4801,16.57161421341141,6.111099863908011,47.86557565868407,36.73153524979604
4802,18.375626430407753,6.345720378124323,61.05597888042239,27.263454730905384
4803,19.18778743498099,5.818490353611899,68.84481513101727,22.61936034675248
48059,16.47009827844904,7.0388639666170265,48.40201582036234,41.94522412179978
48075,11.702538136635802,7.024374793009915,25.391220453449108,68.33960443801254
48079,16.81686557756625,7.0887724822387055,51.17345164451845,39.306151268297306
48091,14.888982440541422,6.483372931016893,37.81164243591989,50.90208442809598
48093,14.033512933316578,7.238828205912181,36.5732072645572,54.167056730949255
48192,17.971732553540818,6.006870208430091,57.49270260989011,31.05039491758242
48196,18.779955551643955,5.776349320772386,64.86804504958816,24.489109814374565
48197,17.820184442508758,5.968782264302401,57.53151729586754,31.307753083027034
4828,11.767155987958485,6.7803510752401035,23.649098926652204,70.08946928126817
48285,13.095305614455606,7.238494295929298,30.7339013651769,62.1741471603687
48289,14.722647487998186,6.530590071214218,36.948121967291684,51.916971185526876
4829,10.911907438427669,6.466328630366281,19.262418249209325,75.00465102966642
48302,16.974758902894724,6.885630795832649,51.69695804557756,39.342807707664775
48304,14.665465161652477,6.342593471041448,35.74560100752076,51.61880547007735
48305,13.652503889084585,7.059589396958942,33.30130391751785,57.83551613802116
48312,12.706228803682462,7.078596582826413,28.587742076776273,62.25792322372743
48314,11.942318238886681,5.968818189429174,19.995396553991846,70.7571572624841
48318,12.585002826042972,6.985582306812502,27.860806788677095,64.84073206256728
4832,14.741842003418226,6.753941378386468,37.65216253108697,52.09147515847342
48361,16.334360023302768,6.944176266311487,48.36661158999064,41.819122887344975
48370,17.493017659575,6.523890043410435,54.77945290891941,35.12286367487889
48371,18.211041403574526,6.498322888578698,59.6891613583026,31.099430049331865
4840,15.647058343829247,7.517327353551462,44.73623954205196,46.46059004843681
48408,17.378563992730875,6.748635616320629,54.5258714954293,35.97624983597953
4844,15.954716602303144,7.323127265949053,46.064760430630606,44.272308904213716
4847,17.418647234548477,7.002867711726704,55.94742717953922,36.10829189079468
4848,17.73244811940383,6.991033821324183,56.98559863200363,34.71023592593582
4849,18.623730894619833,6.090744852209912,63.36568034786298,27.65934881747799
4852,16.484671086767285,6.962268805420177,48.56275696564381,41.94914506537735
4853,14.800025710501403,7.361176338172676,40.00674948173623,51.807093383900884
4856,16.362921227506433,6.977448424167889,47.890851568679146,42.95742156604271
4857,15.539589291493474,7.201884024080931,43.795063194503356,47.59662962648797
4858,14.88373932512189,7.545714624814952,42.3193644082245,50.15173730691854
4859,14.61403175734101,7.534321347145316,39.60518198642813,52.664250462677366
48593,15.674452014475152,7.1774885966276925,44.91732056567806,45.89262756572239
48596,13.998546867060304,7.2552183893289275,34.990418356934875,56.81665463776412
4860,14.342691956836186,6.78017526950229,35.132087424770354,55.224580297751025
4861,15.200190221653665,6.766709222512085,40.114707294272215,48.4006670203896
4862,12.731755097294329,6.506242943638593,26.31621610667531,64.09232764560451
4863,17.258391268444104,6.724377748173607,53.19536094872572,37.22953682691403
4864,12.763821193674376,6.991178677394516,29.13868773315778,61.94974764099188
4870,15.924510402966714,7.183527537759143,46.44899708272213,44.776094803289766
4872,19.897539909904488,5.5872766815771735,71.32955904271296,19.939135313419136
48728,15.309414568507538,7.490868484477855,43.25001520403819,49.216079790792435
4873,19.751378296151426,5.811047956467805,69.68589956476902,21.30184754680044
48771,12.714604582631724,6.743118031834513,28.28653503164607,63.67804662468236
48781,13.225649502963694,6.69946372154871,30.21184123420545,59.15436202976139
48784,12.533736845331198,6.539167265401092,26.207144915010083,63.85623739556324
48788,14.57063894777442,6.709784435778642,35.62548374613003,53.74419504643962
48789,15.602415116687254,7.296161193579276,44.25476105312219,47.29728264993117
48792,14.85819371621876,7.008829255752453,38.60021320836368,52.28460150090244
48793,16.013145055423593,7.145734290822394,46.229327453142226,45.222869743266656
48797,13.595829719519509,6.372624655899512,32.0446009138479,56.99350461739308
4880,15.10847744046132,7.118837744655308,42.12639334970716,48.74677246678002
4881,13.303892446916528,6.664703127091278,29.997147080945098,59.83089970692741
48813,17.725404049051107,7.212708098365368,59.229753157764385,33.045763504774484
48817,15.256675979644895,6.375740036322803,38.436283009750134,50.32263566332187
4882,9.455704686871279,5.769479448492619,12.78162221474966,82.81684158363272
48836,12.723282464112566,6.91478350059375,27.903576650144423,63.97496701494134
48837,11.241790843086768,6.690707419012225,21.487915883962227,70.01475056417756
48838,10.779342630546031,6.696988079088575,20.24347167907153,72.50536142298473
4884,13.056777883218762,7.173209653869978,30.721660154733872,62.4990296788884
48841,17.601527225689967,6.907402285102484,55.615901389659605,35.27633800488801
48847,17.991379567161776,6.680573499237618,58.27528952287465,33.23169139837721
4885,17.703397760526084,6.173127437213303,54.979015066880045,33.84764032730457
48854,13.430338098907832,6.933740853925944,31.393372364999344,60.55961530080049
48855,15.957044105934738,6.719065746077886,43.81301922541836,44.89817550647251
48857,16.522860478043963,6.621179547969949,47.57502766746956,41.29288457782697
48863,17.030961343825144,7.138255291331243,52.57576716229041,38.92945270484024
48864,17.08543908279205,7.124590825050186,52.87165795700422,38.641798787817436
48865,17.255051329154874,6.694077762700854,53.79953549136304,36.024822180287416
48867,10.233096288163681,6.723891793368119,18.244882228922492,76.43444945705153
48868,16.596013853900867,6.971537308785175,50.66928600460642,39.71819536648151
48879,14.03049736410974,6.224086697185036,30.384689035936933,57.61718334432647
4888,13.276886356391735,6.695032321750835,30.62140152497536,59.36770579386897
48880,13.94276984359927,6.317079579889133,30.223082517003892,58.389656499978614
48894,12.918633632833963,6.437034754889356,26.882045088566827,64.08905886562891
489,13.342994447703935,6.07297345833173,26.698222213212787,60.32616407532788
48946,15.652934329202326,6.758100045597371,43.14521362579792,46.67555545067315
48947,15.652934329202326,6.758100045597371,43.14521362579792,46.67555545067315
48959,15.408006820650604,7.210365964777363,42.25072686847956,49.68131805484294
48960,15.392802344644632,7.221768445737508,42.22204485593423,49.71779756678791
48963,16.545691352638414,7.115080475608865,48.601163704268814,42.75759197476743
48966,13.221343045300749,6.991337108107896,31.461083743842366,60.11724137931035
48969,13.453658451120189,7.2079213674196785,33.258526940187835,58.67820069204153
48977,13.481398227824176,7.221262232421088,33.42890191697397,58.42272291372134
48999,16.898860516731993,6.877187340601051,50.91770395623563,39.65055894711805
49003,14.080293003033612,6.7293419218913915,33.851729988175414,55.56783712919644
49004,16.798441007728865,6.872211803421286,50.47996240853864,39.882750441923434
49006,16.798441007728865,6.872211803421286,50.47996240853864,39.882750441923434
4901,15.142089343366722,7.193085619181251,41.50735840642188,50.41573757494673
49018,12.994531735177748,7.213715534712168,31.277411861790732,61.41938047282118
49035,16.387031542256107,6.85565551324791,48.16769309000509,42.214814396293576
49036,16.745856834603355,6.449973371576887,49.320397183771426,39.38397843469557
4905,14.25527473649477,6.571556104032464,35.35023137259192,53.61280371071315
49051,14.039042109263052,6.18779796735774,30.038324870371763,57.525952485748945
49052,13.880659676773687,6.2625671667328,29.697201667091942,58.79582376456579
49055,15.87669186364253,6.989919631241017,46.02434794045359,44.898194043714504
49064,17.16203816504032,6.5007807023491075,52.73616304392489,36.48436536960184
49116,15.656255037229915,6.947736025612255,44.29148375768218,46.11530582382207
49120,15.969875567574675,7.033698226693854,46.065755018911844,44.59354087867326
4914,10.6984745479595,6.523521655689446,18.606199292698147,75.26211774495528
49147,14.389043087762138,7.063105041379128,37.570006057450136,52.99418697329409
4916,14.049519739057674,6.719211207169687,33.382593550430144,56.81532696469098
49163,12.093183607858794,6.40325833198833,22.552269583148444,68.20886951528283
49164,12.621296576574341,6.443263493201165,24.79262069867853,65.6469972523878
4917,14.226180648642929,6.686811512218604,34.1626723847965,55.90628153380423
4918,12.871816327580781,6.564494514643673,27.349483239459726,63.496472904248925
49180,16.738233396567082,6.978447645745241,50.257572113863326,40.206563975343954
49183,14.058427742517514,7.141243355944847,35.5056841609236,56.20781056723803
49186,16.685015836757138,6.77960385262894,49.29935768598293,39.99915669932114
4919,14.512994300877025,6.726017373973577,35.838746696707766,54.104505111548626
4920,10.481744460453264,5.763359109403319,14.429880284672514,78.20230754134259
4921,14.49817765918666,6.750376844167374,35.87940332397742,54.193867146025845
4922,15.651554118984567,6.746106421233553,42.003351995150304,47.65360339478658
49221,16.035942923379302,7.388124346777383,49.51251836403423,42.00458201917051
49225,14.943034686637818,7.156912416661705,40.36791896671848,51.02497454311592
49297,11.860766906479954,6.79248374570348,24.474805111307564,67.44997187173512
49301,14.637590228575004,7.076721508559244,37.9400260756193,53.294951398660075
49302,14.646188473726456,7.069581947626868,37.94906218131592,53.28204267623633
49303,14.782426807338217,6.9705831051984255,38.05412221893377,53.02073012237335
49304,14.782426807338217,6.9705831051984255,38.05412221893377,53.02073012237335
49305,14.782426807338217,6.9705831051984255,38.05412221893377,53.02073012237335
49307,16.80815376062087,6.505552307938929,49.86733308651117,38.80970011106997
49310,14.528857263378178,6.748786538521841,35.445951601388444,55.04788163757662
49311,14.301649888330207,6.897106204595341,35.232363511052036,55.48909565303008
49312,16.919515190850156,6.386312456840669,52.29341281430657,37.08467524154348
49314,16.484636364213337,6.557462376774856,49.01268864028831,40.28830993317817
49318,17.166754926428034,6.324455406161385,51.71784042917476,36.47414678689647
49320,16.68790125469959,6.7576275661016645,50.2454833694898,40.0186198477037
49322,18.095522459870665,6.05413167003283,59.19486876529665,30.186794947534253
49324,16.942207713509042,6.897341541973854,52.123251323856515,38.954689669967365
49326,18.156741050445955,6.0605327871328765,59.60741511332435,29.948667223766563
49328,16.93633573790802,6.8391288519775415,51.516426104666614,39.130434782608695
49330,18.34732842604544,6.002262737706313,60.85736842989367,28.754766424215955
49333,19.72659485969656,5.851572330916287,70.15059048967944,21.74085105496657
49338,19.709071880916778,5.817519826443979,69.98251250559193,21.684493066005125
49343,19.979969060638943,5.694233280811837,71.73027511436987,20.129096948047877
49359,17.10043685451154,6.966567224383928,52.71299777105026,38.1749226521175
49366,14.029306685568619,6.803312521857601,33.228374314523265,57.60481160445781
49368,14.475926179464864,7.192030619746799,37.63951275965556,53.24336517526137
49369,14.56325502302361,7.194149128938758,38.3866671889076,52.626219106184635
4937,15.685158921856866,6.797416127387363,43.05837999461422,46.88414073599465
49371,14.975090763839459,7.360545430549065,42.17010120373242,50.02959997744764
49375,14.851451420949568,6.937993070539677,37.972403219624375,51.5293215791491
49376,13.975847764527648,7.260010081205629,35.533177827084636,57.133375054522006
49377,16.270478438157696,6.722472845413179,46.666962870810565,42.7437389849084
49378,12.736839047002528,6.497624299007912,25.33857393087538,64.57469987610544
4938,14.62344505959498,6.772333390326031,35.77565588549141,54.095374765426655
4939,15.406787369666544,6.7746167893985225,40.75110672081367,48.78809497676801
4940,15.210742230789359,7.006858877585128,39.840082159624416,50.69230487089202
4941,14.653302101953528,6.790814506567925,36.07965892308121,53.698250959046625
4942,13.482057642276006,7.087415137797808,32.177086173269295,59.506532726548244
4943,14.556702972201442,6.896569467957879,36.3860577379133,54.5390347502556
49430,12.494618097125286,6.266468239106094,23.58278842956888,66.60478776460157
49431,16.22657563558988,6.819337861844873,47.02091537990691,42.61494219686558
49433,16.157151960446736,6.75285875967771,46.81848161905093,42.63894192383796
49436,15.796830047834968,7.072734470604847,45.18683808907183,45.971881792535726
4944,14.167690759326577,6.684390294872572,33.307149886688876,56.78376987459032
49440,14.372523481261883,6.7191638817308705,35.506337216745614,53.41313532198182
49445,13.636626064358005,6.5330047880401185,29.524195591588548,60.37699518621737
49447,14.459858913795093,7.195928045389445,36.900950500184514,55.06318382653621
4945,13.842268062003855,6.7168776251826765,31.941693660342434,58.594169366034244
49452,14.434563385881996,7.067249747965589,36.92463228006185,53.835784799587685
4946,14.698650814519773,6.983374943114623,37.58069294929924,53.60974690022356
4947,13.923104526144318,6.746559475600703,32.8268768415915,57.83004031164699
49475,10.768234995691458,6.393598104083721,19.007977166276348,75.0365925058548
49476,12.321282394516624,6.213344999118338,23.813953488372093,67.12790697674419
49477,12.35620066876347,6.199985211206021,23.956227984061904,67.0352832476757
49479,16.097289798585837,7.118676951476015,46.319390795717915,44.25402431141312
4948,13.758268079951495,6.6254017541156305,31.427980913526778,58.76009812819568
49480,14.394764094561076,7.482389962296977,37.746747783314994,55.08704938191703
4949,12.077473630716712,6.449102225163038,23.317390726717154,68.63159293211106
495,13.061052129587031,6.981109659864102,30.20811868947043,60.713203476321496
4950,11.260576514714591,6.193471752313705,19.47697063369397,73.07449768160743
49501,9.405534750993642,6.409095178559995,15.207926882009785,80.14146908727452
49502,15.548307369147635,6.368705679720052,42.12487153134635,47.00239808153477
49503,15.55441272628479,6.373262173310206,42.19484259090763,46.90694612445006
49515,18.83296797414423,6.294465558525728,65.61325966850828,25.69797421731123
49516,16.096800150987143,6.613418022773795,45.57201073451943,43.52947023158732
49517,16.17430215602601,6.585003655015988,45.92797502728219,43.164226074156794
49518,16.118764363424177,6.6197491786927305,45.73693496682488,43.40100892124947
49519,16.167536203966865,6.594367634882201,45.92523032410345,43.16641709601279
49520,16.106791761831392,6.633698234929127,45.73444993911682,43.413434059789765
4953,18.630301686529265,6.134030003363744,60.17025041267922,29.17669144540227
49532,12.433022446724125,6.862668220636135,27.53556904288063,64.69919282067764
49541,14.546824785776453,6.856268153853701,36.709313616927034,54.471115351198485
49551,20.099407675624413,5.306980720248839,75.71658840843787,16.595416637465835
49552,19.72278145174408,5.400895026052139,72.77812305779987,18.078861957047167
49553,19.6498103077493,5.499408873051493,72.34146853881438,18.722644350292377
49581,13.917955422975512,7.059239700574543,34.43380921479559,55.88092147955873
496,11.99836475379442,7.319350882507761,28.28497565712636,65.25202419852236
49602,15.341447958924224,6.81004132856281,41.730172340913754,48.25545585198247
49608,15.6767404377288,6.48950756252851,41.53758496866263,47.87263644675297
49612,13.492939438343004,6.727734219522094,32.1670442867932,58.76016788619396
49615,15.297576377926013,6.821502600793527,41.33093431380219,48.39239615113823
49616,15.807692921686792,6.6582466427994405,44.98233138942485,44.56392134758384
49622,15.367038962587142,6.843614474216205,40.62073132289587,48.98996532520752
49632,14.27004798199933,6.42209393127156,34.68439502997366,53.2950278993549
49633,14.128144828048963,6.4087139997887865,33.977138352384706,54.17297678567724
49634,14.287220948471356,6.427345747182737,34.92708830301396,53.158124001742415
49641,12.139470100407193,6.6608780075460645,25.344054556929862,65.34372669076483
49647,16.072178633567226,7.158899472801454,46.63014071565909,44.47091252488472
49648,15.468163355860284,7.019705571552483,42.643226904770174,48.08914984539485
4966,15.372656704594633,7.425381324596315,43.3726493824413,47.780126849894295
4967,16.216751940743023,6.962983188254503,46.6691310432234,44.06437303619993
49671,12.643238346286253,6.288236564307425,24.960809781878442,64.31450709902808
49672,12.818147725995804,6.008493816075203,24.439483184495536,65.15453796947241
4968,15.639561661722093,7.041704989416728,43.6572598102885,47.16679130423374
4969,18.106935297428535,5.987149869810908,57.151445197903136,28.985716346847497
4977,15.491278128194091,7.166463820176719,43.58625803262481,47.80559282536544
4979,14.946067835793508,6.927048809828657,39.69869015154902,50.97590415306898
49796,15.174546473920362,7.231508287746066,42.24657898233028,49.0407865019264
49800,17.266908661978942,6.4804095743944305,51.198002509163366,36.79245283018868
49801,17.545158577693634,6.5948224463461536,54.260333127698956,34.62800740283776
49803,17.845859155217976,6.273548493306265,57.51297898640296,31.66131025957973
49818,13.85190042738231,7.640263347776398,37.369964016432824,55.15584708454667
49819,18.465313810775644,6.527674181114905,61.66195476575121,29.55187986488471
49843,14.843523926936491,6.431477173775058,36.83782118972193,51.152763111580434
49866,18.9644608045152,6.1836970457121865,67.306640625,25.177734375
49877,14.414209727775859,6.623305726275452,35.141123856619785,54.04996419547917
49886,16.2286539809952,6.328328096067076,46.775163587374905,40.89804657428792
49895,9.150239680616778,5.77819229106969,12.458535989743382,82.62886912635585
49898,14.900628663514501,6.689371364141673,38.26541084175238,50.778809094848235
49900,14.63197394377031,5.988808706079467,34.141998014830385,51.20423892100193
49905,15.174413647072623,6.827677365115744,40.561847657117475,48.941446443112
49907,14.964657053637291,6.875313783270353,39.70411190130444,50.359310421863945
49913,16.38399625238459,6.912325460363452,47.95268709818363,42.63778790337682
49923,16.009122449718976,7.1107494218277605,46.154245785385875,44.178767176663115
49934,17.721341502503172,6.265360233869667,56.34750234119824,33.0348781434869
49935,14.855388217356447,6.65853351493193,36.71342183044899,52.361953899338886
49936,13.114783651926427,6.45799572660378,26.597101565716923,63.21820610418696
49937,13.419967766418617,6.566324863078034,28.567641961463963,61.28249566724436
49939,14.390276181154109,6.602629673702371,33.89187720728063,54.86226568867155
49946,13.302179031495005,6.764326930678902,30.391442753857774,60.93530808244307
49951,15.342805403391846,6.89670289472288,42.61713391753863,47.71060298602215
49970,12.785768346894855,7.557157311892732,31.47501275574569,61.616699654052965
49980,13.04013358472037,7.426738098495313,33.137237318028276,59.52649986548292
49986,15.616451936486897,6.95871807240755,43.852619458837076,47.18480138169257
49987,15.706712070988196,6.960574334561854,44.275442477876105,46.589233038348084
49988,15.289569070735327,7.070872166124827,42.39450893679749,48.77234199373503
49989,15.328022193182582,7.0910296266431505,42.62382061869939,48.598583589010126
500,12.938410065436305,6.880176363323594,28.43285621203523,63.45923450406708
50023,16.510353301776455,6.895965018093112,48.69047089688292,42.0012746972594
5032,14.31274059598356,7.25381372490671,37.81896579463912,54.085014641052865
5033,14.373914789246394,6.660221676862642,35.408413506885495,54.04829277494812
50405,16.162134376349098,6.492746192298783,46.00324418122147,42.71002301105285
50409,16.20279129995083,6.3280503297790105,47.00133411932612,41.87273122149484
50415,14.992120064041467,6.528462227433876,38.381808090959545,50.22724886375568
50416,13.433549023657745,6.566340882926764,29.045799607862854,59.617414911266394
50417,13.391802850342353,6.56699191438677,28.809231321343287,59.840715537826604
50427,18.825100647157424,6.329058732109998,63.936227869444785,27.554799470071057
5045,13.145061481631867,6.978282830257335,30.25763194734386,61.04084289117567
5046,14.669839540065963,6.802858059528195,37.91137106586335,51.751029801955525
5047,15.115746685388263,6.486006686100235,39.03221867531879,49.17578104558062
50473,14.809900474705238,6.284017649889592,38.11738145180992,49.56321025718787
50486,13.020783163996084,7.132343197943846,31.450857059546372,60.087892862349776
50487,12.787821951269331,7.059128359350141,30.149381220079064,61.73993365249002
50489,14.6445146142407,6.497626168116832,36.24406834074059,52.10028391705208
50490,13.14066040413901,6.5570607913130425,28.983137155055914,60.268512896844825
50492,15.677006766745626,6.866847657455276,43.95433638586168,45.5714167322753
50493,15.66804999622958,6.85875386313291,43.93430867750899,45.555677279925106
50496,18.213157443338815,6.217678535230293,58.444779982743746,31.232281523480832
50498,18.119534782950613,6.252038079392246,57.77166230563326,31.960359710066466
50499,19.47193082974707,6.0551172204169434,67.55906396606456,24.103154760232602
50502,16.79101170365583,6.75908074374514,49.799449996646324,39.98256086927359
50514,15.919207797502311,6.808594814320358,44.588031032285,45.108898705522954
50515,12.746797412519166,6.521462660016858,26.589424817058777,64.76709418522307
50516,14.26411504072866,6.940294359661641,35.35582870116652,54.79527127534644
50520,13.371825289959434,7.199149607603637,32.42274758004468,59.42386448250186
50522,15.75645718133435,6.944254128411454,44.08104523520614,46.761859073849365
50525,12.756250545503296,6.8017214868800355,27.845761070516772,64.2255040056343
50526,12.745275411520089,6.800717015929103,27.832431004885777,64.38003433249703
50527,14.00122067257823,7.3717202231456085,36.3565016395205,56.01569639305488
50528,14.35164543647026,7.303537579653094,39.08328944053862,52.837382920741064
50530,17.595737460720343,6.5077765458662205,56.83557275156345,33.79813631879866
50531,17.082272889492145,6.61079334626944,54.085960763287154,36.62380437176259
50532,17.552233587816474,6.900109496822886,56.31198033203503,35.482445236319435
50536,14.102580344822236,6.955783599811129,35.63366494030238,54.049146997548505
50537,11.918947050801295,6.215838924164595,21.62542323497202,68.18277722518611
50538,14.608720285828584,7.152018774948258,37.96908434735396,53.64408674267829
50539,16.178339778476495,7.326192970482041,48.15634298669166,43.75183929719773
50542,13.583491375888231,7.0365899288057685,34.17631120166355,56.70776533848642
50543,13.423646665111036,7.53003106453348,34.97096246734452,58.170917360497675
50544,14.00397280238959,7.041319243351828,34.93166963755199,56.00911071499307
50546,17.422305723347975,6.609764174899729,55.99077879121981,34.8381276936955
50547,16.481253976247814,6.682392552629762,48.74985641536164,41.42512539725083
50548,16.34738885473842,6.9226328958770855,48.76746858434963,42.00615338992475
50549,15.376138276415734,6.8528516773497685,42.42051589682064,48.12237552489502
5059,15.117221830665729,6.887963153652995,40.39467427484546,49.54298092671844
5060,14.074313755917153,7.302973447129952,36.257010568467514,55.48843611708361
5061,16.40022910101202,6.7791968171667785,47.03877478753541,42.961003895184135
50611,15.408589437316643,6.859592139127055,42.150648164011194,48.16115584489749
50614,17.22673621160781,6.433945188288586,54.7081681516662,34.947861469822456
50615,15.733242021522619,6.709761172513897,43.83157300342655,45.45244542549505
50624,16.018397849639847,6.852622062879571,46.289366354118485,44.42248665012825
50627,17.521863879421225,6.962274461918157,55.5898813521379,36.149541079023955
50644,15.399618332888119,7.200923901720392,42.56615840941744,48.720860175186544
50645,14.81151188808745,7.136512806004335,39.29855030513544,51.400246038063536
50648,14.662512446693185,7.112795402803476,37.098658157887236,53.52696504373095
50650,14.629645394188202,7.110640916725917,36.88851534231745,53.76648907376278
50660,15.95354171611073,6.402436707547858,41.61312589603356,43.95703590202608
50664,17.18194656252953,5.855637135449052,49.78404603073646,35.29146390166699
50665,18.392816200347646,5.585981243718634,59.252854002042184,28.89878296705824
5069,16.5134831523462,5.969866104085472,47.84516668305635,38.79191660930278
5070,14.10787077781015,6.359360237910265,32.9303165604776,55.43696382882657
50708,18.226962523606964,6.365255358788928,60.19798622704508,30.66308430717863
50709,17.185514560793383,6.694705694681755,54.534088589508066,35.78408858950806
5073,14.875493237415556,6.712316543592442,39.48693530147015,50.6743646211535
50737,13.98400427967888,6.945951402955508,33.571122076807555,56.83222484445398
50739,16.53005275421095,6.860250816896583,47.35692907431274,42.5756494509357
5074,14.949337529856008,7.115701024625229,41.864301424882854,49.53500047814861
50740,16.476647415093183,7.185255660429523,48.41088823993349,42.214311598064505
50741,16.537822303739286,6.8570212232829535,47.421340774982426,42.50047930468867
50747,12.302195818904874,6.792184296341006,25.430799497499347,66.66666666666666
50749,15.181760267647253,7.15948556901617,41.42108277168406,49.26875468041055
50758,13.990141875500742,6.929572745740009,33.558149775004566,56.83524319912364
50765,14.330141173194772,7.079334506487773,35.85541496292004,54.82898140098952
50766,14.260639259942009,6.8460498957210705,34.3972393627314,55.20629528498635
50772,14.279792561642045,6.85121265135947,34.50472689641791,55.09178910603987
50773,13.980134109043393,6.9853614992582,33.72135556750941,56.7154384077461
50774,16.384942703433378,7.139866499854085,47.918443042291955,42.54028819918145
5078,14.076204335762016,7.193408973876763,35.73480513017711,55.995385554977496
50787,13.642327437750366,7.140747591275485,34.27500604497461,57.49845517315494
5079,16.82895924015621,6.847022626330107,50.60081737817067,40.09595308960064
50811,14.30814760267952,6.983202114663238,36.172160333922214,55.10082656731993
50814,15.609403354961396,6.6532379727272675,41.41742265182427,48.79240449497551
50822,16.215006705599155,6.397021664014204,44.83597551404803,42.17417464552922
50824,16.268353437992598,6.3141931657524415,44.99362244897959,42.20742984693878
50825,16.400152699171795,6.486891696387788,46.71627453073299,41.042375078147636
50826,16.345245961979,6.526044148137898,46.55393248147357,41.16983318593517
50829,16.832660632563087,6.676821221993314,49.70311292249315,39.55098025437425
50831,16.049229927380235,6.574411228490813,44.56019475448992,43.238252721510264
50834,15.14867186443899,7.388775698056593,40.96393865426242,52.09436742965043
50837,14.12650592925149,6.8404290768340585,34.37870116944514,56.34535954217467
5086,17.738437484221432,6.662021217239515,57.124854869311584,34.03704018350183
50864,16.950778960956203,6.828597980928639,51.612113496707224,39.03346635003795
50868,17.112927850979126,6.878569551468131,53.680803386173125,36.91869311422801
50869,17.566037283646974,6.756525768185269,56.83417419012214,33.71946362187998
5087,18.606915745246873,6.516451345054189,62.42865073377649,29.217257626008852
50876,17.113939956932875,6.934250249347399,52.48197174750568,38.32608910402055
50877,16.808905322050283,7.391191768371528,52.94680943675459,39.29949798322742
50878,16.924539132167215,7.026711808104834,50.80807801751527,38.428599055170324
50879,16.14630764125095,6.927268309179285,45.24867677602341,44.84556803716194
50886,17.076442601149303,7.1266069675549994,52.52810338201384,39.11654496541122
50887,17.121425653721346,7.109962269474012,52.80162511184735,38.728204880172186
50895,15.989456485640048,6.967537809184341,45.31988020822865,45.106827728981166
50899,15.602502366700815,7.352859612973679,44.83349028336615,47.08786348200782
50901,17.045341135907933,6.728824889847548,51.40564556283274,38.48289861733502
50908,17.18899235423744,7.057789937603571,52.71794402989338,38.25576213276045
50910,15.568232333432567,6.974824573518513,42.473456496899516,47.29429587500481
50911,14.833665583930443,7.164798792471867,39.63814285278786,51.679724415449805
50912,14.833044296959413,7.1698726828808,39.65795811358717,51.662957656311924
50913,14.833044296959413,7.1698726828808,39.65795811358717,51.662957656311924
50914,14.833044296959413,7.1698726828808,39.65795811358717,51.662957656311924
50915,14.718468964743343,7.872440125664386,41.97818106612895,51.29517605087638
50916,16.479770477242756,6.975630012396935,48.181031735191006,42.49419478213359
50917,16.298459156273,6.976520081390362,46.89104521499174,43.6701273438737
50920,15.936396074707122,7.264424598498454,46.123053301162535,45.04003070848871
50921,16.641642104862722,7.314865470757109,51.084187511283176,40.62142699536638
50924,16.331386722261637,7.092881355934928,48.70302231497245,42.07626265399894
50934,16.499829023308365,7.015882759613554,48.741440833252966,42.00742598129039
5094,16.851376001154513,6.253250420697287,49.93565349754376,38.563620009686574
50941,16.549405321704402,6.755584271919603,46.83474027360599,44.42467293976967
50943,14.253495489669332,6.391795681945044,34.25536792236571,53.90718524744658
50944,17.342104277562353,6.947332225427996,54.24536868870323,36.58508899382492
50948,17.467085785471923,6.459912373380423,54.08189372281611,35.183599007753315
5095,17.583630798916804,6.824346120629278,56.954897620365244,34.79939125622579
50953,12.815346518951925,6.9017733813861195,27.86993271070673,64.82075196735646
5098,15.193950595428316,6.643026153135436,41.09731407747334,47.451747874207044
50982,17.134677481886055,6.7793512994075344,52.884248804950296,37.85154989882401
50983,18.52430985864419,6.735984128756061,60.898672534073015,30.454550194479495
50985,18.525356805288084,6.736926728596457,60.88886567787759,30.455400041779818
5099,17.841955507193443,6.729649769947765,57.44962738062379,33.817278498481926
51001,14.14284862839662,6.978313067015404,35.05511637211484,56.03658788957411
51010,10.329109184930395,6.3694781063421235,17.20047035264806,77.54182529426147
51012,12.16148849720127,6.741781132676922,24.599497322696973,67.36750081958256
51017,16.93996245575426,6.813316890230895,51.2985511189715,39.22318209645602
5102,18.150733867810303,6.63353215326883,59.01551431707074,32.16352389504141
51020,18.41498802408928,6.801183309132709,61.07248555456381,30.901489171794992
51023,20.982386621012342,5.908131614208524,77.17977444170587,17.792217491971023
51027,15.567751649464274,7.181581979121115,44.466112150276594,46.97204865947653
51028,14.591926140272381,7.100952704284815,38.51766419813038,52.46691756707539
5103,16.315822378782144,6.921586896239094,47.40102138848157,42.9804823785205
51030,17.28205585855678,6.583526129876571,54.32180743380031,34.734796339784594
51047,14.345659109597523,6.930438940240117,36.779170684667314,53.4391163320768
5105,15.953594036899208,6.881919851258841,46.52183287042321,44.487564839122875
5106,15.869613723986333,6.9220498564195925,46.28734901462174,44.69802924348379
51076,15.365532664634749,7.175468231032003,42.969345737379896,48.56069849016318
5109,15.332298122617807,6.841013129428298,41.44390289081584,48.85559813376246
5110,16.030528644493966,7.0100020868577095,45.83342326203786,44.91830876481126
51105,12.226477496037573,6.285749152464482,22.845357750748548,68.47271055672203
51132,13.908577006693644,6.629751730482679,33.385775604083655,56.394821895788084
51156,14.545123549234308,5.798497683595572,30.652139080275596,52.167120653741385
51191,14.501595593895301,7.3613866987543215,38.392980708018484,53.030806277505604
51192,17.961526864435683,6.5528893130776185,57.845123364989405,32.32314952515896
51211,17.869664613911613,6.687912558740543,58.43821034540112,32.412540888174306
51283,16.785814369683976,6.586119741372572,49.794786602496764,40.19250971099113
51288,15.839778340418107,6.275943951191391,44.455468764093595,44.551981671567475
51292,18.029808329845075,6.861877700112553,59.60871296138316,32.582608201103334
51309,16.19185897052744,7.466639127145337,48.75672904383491,43.04195505425959
51310,15.91804385338798,7.018540622467968,43.704636880305785,44.59507823572359
51311,15.967741406993909,7.354547979274815,46.80734635247443,43.60956257053935
51312,16.13742740864676,7.177201317634321,47.855630579079886,41.52552071412223
51314,15.754026932144727,7.090474230008066,44.70015333068317,43.75745357487648
51316,15.781826533414275,7.073711832766883,44.38823630283804,43.74374803509674
51317,17.16371673014265,7.204784301593641,54.483477428835045,36.168540477736386
51320,13.205393641694052,7.024774657507961,30.670790378006874,61.300343642611686
51392,15.959510499017927,7.0424851313454,45.94000616903146,44.978665432860375
51395,14.366146463251294,7.269564458613364,37.967335036584224,53.576158054548614
5145,16.019104989073334,6.917742908397351,46.2188387366514,44.14926049161193
5147,17.242448882217328,6.437739763989018,53.08525506638714,36.198462613556956
51487,17.1226761425361,6.1088692093330454,51.96853056209917,37.18961688889891
51488,15.368216720810972,6.89838977228094,43.559903360800725,46.221795590836535
51489,14.835430035531136,7.012870311311426,41.31118503968299,48.690291008595146
5149,16.61463668556269,6.763839006947709,48.99627888758323,41.33862122992558
51494,15.370005683021127,6.67117297644568,42.43373935144798,47.06256125273281
51496,15.318333201753674,6.704343568412927,42.317426469796345,47.33826586109227
51497,17.47788538541719,6.112774240737558,55.675681769500464,33.62682209169927
5150,17.215767419989238,6.7991651965721935,53.723396743351834,37.62516064342103
51501,15.674246048142988,6.649526093159789,44.34426136428158,44.906371719603456
51502,15.674246048142988,6.649526093159789,44.34426136428158,44.906371719603456
51504,16.90639775569799,6.137749233205628,50.22954877911556,37.073253066276585
5151,17.377745376952902,6.806650068216005,55.20216500093781,35.85782803247501
51511,15.389759688719264,6.8717650368931125,43.51311168092396,46.145144260811485
51512,17.54139222906534,6.079574214311415,55.94858924290682,33.47326483067539
51513,15.367426482627142,6.894022777023448,43.4786356094723,46.167769182701626
5153,13.748565409062303,6.894555315241837,30.871431768703328,61.30338358867932
5154,17.38120976106074,6.615274493753152,54.4286785406086,35.662851726625824
5156,16.80097747051328,6.553425223647731,50.18836043322899,38.541868646297885
5158,13.48043964694332,6.594519680392708,29.066065817760872,61.830246403175124
51580,16.66932022304306,7.057162095361352,50.44942198428007,40.45978821399047
51586,17.42243687872181,6.434444102034846,54.94042629942813,34.627014524736616
5160,15.646163030828246,6.700221546696575,43.74261691334862,46.07601973455632
5161,16.849624079634474,6.9522273566085655,51.195294980466265,39.62878862671537
51616,14.28451895433131,6.434381048907415,33.81708931663102,55.03233526835727
5162,16.797618470020634,6.689624668010786,51.25839277488519,38.86011809210067
51620,11.560650279798761,7.016507802875823,24.706534965285236,69.42058549853267
51624,14.520180184492954,7.033098974294567,38.654875933328306,52.43419564069689
51629,17.610045957400544,6.830081410563655,53.89695783044507,36.175808761214526
5163,13.485890670818808,6.670587984200499,30.42557092509218,60.89596023387047
51647,16.905859528051124,6.587420746312719,51.804443788655675,38.024272381865806
51652,13.887953097028678,6.672467664188096,33.33455931933258,56.434587517010556
51657,11.874034835599716,6.125801190278494,20.773010076016227,70.23471050784549
51662,17.798439729959227,6.0035017150897385,57.11569747644811,31.589799856229426
51667,20.150716888963085,6.14916080052259,71.45938069216757,21.61457194899818
51673,11.77688494138764,6.374160323387721,21.786723799578706,70.42651639270476
5168,12.929501131556293,5.945897962974984,23.618249487302833,66.06324530977035
51680,10.28691698019499,6.0577415985676435,15.670552622569774,78.4752878430242
51693,19.724676459250865,6.362006433459645,71.20667154725149,22.161568577521724
51695,19.916474398559952,6.200702058329053,73.38055559947507,20.668173984536818
517,14.678179096971537,7.340876976814005,39.33475123842343,52.62491923325436
51706,16.60013130456882,7.0012074498948165,49.53043422895709,41.46026996052464
51708,13.978082762914383,6.8778435764176065,33.9331086336531,57.4812030075188
51712,13.369717342279143,7.4764480407873,32.645474546696,61.06643400854765
51716,14.871033540336382,6.759944251561009,37.21870760804797,51.27984076473496
51722,10.593624680712706,6.320045536011995,18.26546353050387,74.9593873288466
51723,10.593624680712706,6.320045536011995,18.26546353050387,74.9593873288466
518,14.7683248658862,6.880308744119376,37.83502820206678,52.12441846103174
5184,16.779092869258655,6.525722208879096,49.27357293868922,38.981818181818184
519,15.223869891964513,7.397117401300932,42.73105152394015,49.47805965929912
5196,11.367043128093034,6.860873506441516,22.42282075985423,71.21853139530013
5197,12.774687813637005,6.473445644882,26.464620299615767,63.402840737382895
5199,11.880957963539355,6.462840009772972,23.01096369608805,67.22409453521607
5204,10.464667259205203,6.367294358851264,17.72897930673186,75.2510259320702
5207,14.740014023374869,6.995037174517948,38.716837420123596,50.134928330276516
5212,15.655802257622637,6.847928985732005,42.62243893065597,46.05721422909711
5219,16.033356796174264,6.9431949705479585,45.42901413906643,44.67686745432242
5220,16.341217163168043,6.98656579424137,48.53800069596622,42.5084879663679
5224,15.791344045316885,6.861106778275791,44.026838432635536,46.362855609232426
5229,15.598057972248881,7.2356275869558475,44.905167408554284,46.732468872975936
5230,16.05327918980906,6.99851987930658,46.46125205099079,44.12312255458791
5233,16.441218455736692,6.843012102006466,48.53461036134088,41.74836743578581
5234,17.06327702941279,6.598703476055759,52.521454558114435,37.34572736609397
5237,12.10301934290993,6.638442018520885,24.88884916999933,66.88710650371992
524,19.057071220027048,5.971679617224165,65.86132117437722,24.238211743772244
5241,11.76338661822796,6.840546468772766,23.56792533688872,69.61255813215243
5249,13.229774525383563,6.57548025036526,27.982613070945376,60.1679991054956
525,18.06911305024921,6.363679092357669,58.81170707197588,30.532177699618973
5252,16.436807920241975,7.064687079634792,48.94467417872131,42.720327127945765
5254,15.793692409128651,7.140428500849444,44.37990862125601,46.96897303431182
5257,16.820739790756026,6.433314047831751,50.74197120708749,38.095238095238095
5258,16.838533933034917,6.41035812258555,50.748867027744005,38.04852437272024
5259,15.63983188723457,7.192750970382678,44.4089180781196,46.400795022468024
526,16.057363389648465,7.050595778583998,47.0121017820524,43.53464460041013
5260,13.038146134590532,6.921282877266355,29.369979226891736,62.73333430177661
5261,15.263880359891338,6.606191430085101,40.058433914363114,47.27048378175216
5263,14.004500130238782,6.212001700624502,30.530240882989034,56.03997315236035
5264,14.855276939420772,6.477369201832914,36.75552781740371,50.97628388017118
5265,15.918744298231937,6.579592159242511,44.826070045490674,44.195288586745136
5266,15.465744101040752,6.569825697112712,41.14092054959181,47.9824371024558
5271,14.773530260888652,7.136974600780513,39.30971745122266,51.99386294822881
5272,14.042743319848528,6.967607818300378,34.53636264811393,57.01396114484494
5275,16.0954477094607,7.449880099718233,50.857749524191775,41.104651915532706
5276,16.344005858296427,6.779369980510875,48.92139439507861,41.59671907040328
5277,16.516360266098708,7.1521841088344,49.26020823768125,42.65614123431923
5278,13.807579827468345,7.230222009294636,33.697607881308436,58.82812730436835
5280,15.499144195789967,7.032535112050335,44.91042290140426,45.86239116010129
5282,16.6461954649558,6.858486685882957,51.7574704372972,38.155233039629636
5283,16.433146090176916,7.073673545067885,48.99844732432474,42.73393903057695
5284,14.999224977076683,7.396533947988062,40.600678951035476,51.71887276339001
5285,12.897607377072157,6.905383668452366,29.040234225473053,62.35425568234723
5286,12.575861634564024,6.648522205828009,26.20744595201573,64.88470045848624
5289,15.672285887561223,7.200696547920139,45.2263625555347,45.6987985733058
5293,16.574101781318763,6.253528339416966,47.22516145510271,39.57748020578684
5294,16.04433955078873,6.835724383503429,47.0259353217901,42.53220364030443
5295,19.972551409592928,5.297535683525718,72.22222222222221,18.083720172652495
5296,12.407783416505158,6.201491913399349,23.582590727108354,66.96155667484611
5297,13.85358944314215,6.9991469031132425,34.41050670445301,56.40662310740245
5302,13.65803341258953,7.564902491369925,37.16576514366824,55.18215879592333
5307,11.043901136124223,6.481396202651315,19.87537191938472,73.74501768371414
5312,10.832739891350755,6.18088325343027,18.38055025878507,74.45110324162354
5316,10.95595370565058,6.301867927927799,18.95617054725829,74.26476567370503
5319,13.977802183235694,6.587939990723403,32.622478386167145,57.14157060518732
5320,13.227491686248541,6.671953580677216,28.76006794148266,62.58104578744543
5321,13.947941872156083,6.355683314643123,31.910024704199714,57.15251592770771
5322,13.544576167434135,6.614960629399477,30.204331908600697,60.53310249057693
5323,13.584258313663195,6.557741730451693,29.6000286717798,60.11217833847036
5324,13.81598264517852,7.254525140364102,34.96573013132423,56.69962852508764
5325,14.292856066693108,6.996650260449487,36.87506480041473,54.64178330741317
5326,15.00773652623554,6.928998179141366,40.61509132997452,50.47172564047698
5329,18.13792407701682,6.680136331681835,59.519949563181115,31.49449097841424
5330,16.942826097540742,7.078674358554523,51.269659352950114,40.40402645641458
5333,17.310534473227445,6.575471884928093,54.88632305677895,35.34251874776812
5335,15.145086330452134,6.947431993606691,40.23072470160157,51.2142679934945
5337,18.06747415097215,6.607633909001042,58.853980721171006,31.488754016422703
5339,15.51099131652236,7.18933855703677,44.04420285856189,47.21041885105679
539,17.09512385978982,7.130436079854527,53.82116821998708,37.65248685060441
5403,15.730060278735381,6.994554287531545,43.89815010199057,46.708166279805866
5405,15.778252601559762,7.401600245528017,45.24971696887586,46.90088652153202
5406,15.07554169528902,6.991297540095464,39.95790902919212,50.86490156143923
5414,10.684872665432454,6.52395599681838,18.91039567185726,75.2939857317056
5418,14.811496857178078,7.325002279844346,39.97937435544861,51.76349260914404
5422,12.633240193536377,6.678707570387263,27.63095351269132,62.429888772697026
5443,13.11055701421199,7.399754369536548,32.0293021462537,60.69142783703894
5446,13.476680598617259,6.833881683031165,31.291054580198256,59.695541530009464
5452,12.183746698258034,6.509376637322963,24.623684665838276,66.99435330386775
5453,12.410516213128268,6.604929377613935,25.47969726470496,66.0380617404139
546,15.92106193368728,6.804946030095211,45.08763253440768,45.010433880559205
5496,15.186982286881916,6.701860371507533,40.524752878005124,49.12419151446122
5497,10.024397418711287,5.812031632628391,14.257982120051086,79.93869731800767
5503,15.26321501013768,6.678813212877359,41.46948839791636,48.01025490292134
5507,14.252302133502377,6.671451309499758,34.36491511154763,55.46688648800336
5508,14.154594804903063,6.556194249760855,33.01916255827961,56.522854529636156
5521,13.16082635483963,6.608292651504835,28.58589023596616,61.52715177516932
5522,14.660737383158981,7.130164247709316,38.24708649631135,53.219555222923134
553,18.22999043272987,7.161002253514052,61.00348913280512,32.00007269026678
558,14.625222024188634,7.274602320209481,38.46633416458853,53.25464747222852
559,15.313180696015676,7.059623076985726,41.42047150104447,49.6890480453596
5605,17.726178964814544,7.242855051022079,56.37139750593983,35.5490825133898
5641,17.48597187785195,6.529834364525093,55.54932133178937,34.57686201009944
5643,13.264090938916802,6.45720304501168,27.5966438067507,61.701339667701106
5645,13.367446826874934,6.543672670500481,28.977974475092633,61.653458213256485
5659,14.02338411527454,6.946547475630164,34.92815500929091,55.422062724293966
5660,15.41932617665257,7.304143830479959,44.471229779381204,46.75555703336714
5715,15.005755137675148,7.230717711736602,42.480061744275794,48.72137895549267
5724,15.146368543426115,6.5167553868852455,39.612621857362754,48.676244227809136
5725,16.65096508210815,7.009932394019922,51.52614694614881,39.39483601706793
5733,14.263661297070513,6.663068097281037,33.89658239105577,54.5154248622677
5750,17.409000546068224,6.579061566992934,53.72562834081267,36.40317961127874
5774,16.733538545582455,6.690652059194407,48.290683949132536,40.68283557159083
5793,15.118933735516723,6.894751278334564,39.20100304003572,50.897411675798224
5794,14.968320495787019,6.842268961755979,41.22174444091221,47.783894122174445
5853,14.93223704602594,7.089388996448346,41.908225198827964,48.864587693595645
5857,16.36008630337075,6.74336180452503,48.024694594452896,41.815655638861216
5863,17.93164141081268,6.38816927237476,58.41508715115725,31.617826036342084
5864,17.87738480297704,6.394819225281736,57.80384766059271,31.92795959638739
5865,18.362729402460374,6.4423365862443145,61.24581850723372,29.886220782818057
5866,17.92440372531916,6.376103853548789,58.08945626077484,31.59737279082804
5877,16.83711475410856,6.597199845345606,50.66748781857373,38.26326371655768
5878,18.08482599887891,6.522271503582588,58.694079780116446,31.33883042204622
5879,16.821489739036274,6.57300100643842,50.475878807712235,38.45846173425328
5880,18.087440586173383,6.4945666643686275,58.85615188684358,31.318532434922414
5890,15.152909275555729,6.692612785019529,39.90486825434321,49.22369918611892
5899,14.710014082320114,6.262023387606023,34.84359208223432,52.29866640372717
5907,15.252969092210787,6.701199625804592,40.58910054582366,48.574658708257864
5918,16.29917926993126,7.209393927447349,48.60225600784698,42.87546685781115
5919,18.346100437159414,6.517157232359223,60.898168282165635,30.98441012788855
592,11.522223413074288,6.940568271258877,23.420875019850723,70.54847546450691
5920,18.17508694352291,6.7131122078137855,60.60639572389641,31.40724357202101
5921,17.741099629690112,6.797580905908137,57.89716436359611,33.82838588270022
5922,18.22287684064111,6.68867824602615,60.75827985542524,31.23847458877333
5926,18.60209689673899,6.311427794454182,63.046973699322386,28.337353087554074
5927,18.322497988568177,6.607087403407533,61.48516746411483,30.23732057416268
5928,18.96970388549736,6.276152882188231,65.22992895882668,26.623252616301272
5929,18.607265364676817,6.474215857528042,63.46752199131871,28.486920447124803
593,13.624807686905852,7.245841592290237,33.86530297182555,58.66074874565804
5930,19.0066338393813,6.27025451365602,65.47195098602336,26.46946199502202
5931,18.31884356464791,6.595370861608402,61.473212576111514,30.270363420518514
5934,16.594058034123137,6.824915135525429,49.33513549529312,41.27585451984123
5935,17.736265447031773,6.615446710190487,57.10717621735776,33.70629086626325
594,13.991823850277859,7.2139049084986056,35.50172792302602,56.82503335049002
5942,14.857592059054891,7.114102660531229,39.794618612688225,51.59219945692421
5946,14.770139993443777,7.190217389364813,39.85459746141469,51.76191327493396
5950,15.985661204851688,6.646713223096737,45.38893422876865,44.18540623985998
5951,15.948793203579703,6.689219380172619,45.37145443275843,44.25576293031355
5954,16.678372667036903,6.782424158657962,49.582368827160494,40.91242283950617
5958,16.639074139286155,6.84378100134768,49.60404836404373,41.00803492100282
596,13.660846871626223,7.40161059402264,34.016240392548525,58.99170610968778
5964,17.53041960418823,6.855673947295924,56.63981468676531,34.71684414327203
5965,17.580911888942918,6.771300813073373,57.51101245187472,34.22878151989178
597,15.582220894952014,6.894234398209642,42.550728897788964,48.45080514040583
5970,17.003041039578388,6.860230554526727,53.25008880024045,38.03655837591191
5971,17.785785965308914,6.70136080926975,57.967648942985264,33.45077941490497
5972,18.04542037041029,6.525370763463898,59.284188034188034,31.947115384615383
5975,17.62054347834544,6.8191760799361605,57.283133655308596,34.38375536996025
5984,14.378718635206427,7.444574306754015,37.291747888239115,54.76803118908382
5985,14.646481988967958,8.148667150633985,41.294360562653246,52.77326106594399
5986,14.801454351524352,7.914321936399639,41.49134383976399,51.94860647465259
5987,20.260823115181275,6.044059407735027,73.16059602649007,19.97682119205298
5988,16.043629724045836,7.188445138919781,45.74325036912044,45.285804682556424
5989,14.444682994515482,7.708903216400348,39.41727584274787,53.342975906597346
5990,14.845839486582271,7.8667975118485,42.14823136005016,51.22916557813888
5991,19.598879478523266,6.538146562997343,68.02040105173124,25.09107612380017
5992,15.01830928304179,6.728435141737746,38.43468887548603,51.154285420970915
5993,14.178034607237214,7.027045452763386,35.87398117540185,55.307981528678496
5994,13.938854899730288,7.136952740790108,34.966808854337565,56.53348141043438
5995,17.12307405883614,6.871220883999841,53.03790235540601,37.15795822487461
5996,14.016721347529199,6.921761927712804,35.97414698943278,55.26675786593708
5997,13.939939660313458,7.133945358045413,34.494621955077506,56.062163872192336
5998,15.691212564360987,6.365858886208946,42.048817572153894,46.6346284380006
5999,16.78097014506528,6.102357922456657,50.72572217419913,36.958288714858924
6000,16.82964087188516,6.066299876824839,50.81571958338943,36.47912663541679
6001,13.405827765651845,6.895183244841851,31.58942616649254,58.676496678428514
6002,16.79722544434916,6.143018323247124,50.99854617797842,36.7587420613666
6003,16.74126188319444,6.147881463336229,50.6835501206265,37.08785948609285
6004,16.427603049721377,6.3032393528807455,49.03873252380194,39.14300768278786
6005,17.047804547768852,6.24344826472932,52.73718986275249,35.788563446486776
6006,18.384048681312926,5.911096139830187,61.58163464161828,27.887126320302453
6007,16.86342554044115,6.14447653755161,51.45026856825338,36.39809841328641
6008,16.633994754957058,6.243196825541397,50.177055126021585,37.74521215982748
6009,16.961164784003167,6.0851124675106165,51.98869087978303,35.665945987437155
6010,16.75747921992895,6.156359660306504,50.82622465137662,36.99494304541043
6011,16.45040533874469,6.302684559140658,49.1506890167377,38.983809038607305
6021,13.85345578616739,6.89863357458759,33.70263152166815,56.77252247349978
6022,16.172592973780002,6.703091482389195,46.09457436627322,43.90812495398886
6023,14.488602031418374,6.509700118997668,35.82467359445777,51.8851585398348
6024,16.424266230477528,6.19751682419756,47.293411676459556,39.94249281160145
603,11.783463433650132,6.431648196917448,23.27175990108284,68.21162276593353
6030,17.896630118815988,6.571138572796856,58.56523362338818,32.64983774159272
6032,17.893274145739195,6.651434387660821,57.5868644309709,33.28537663138423
6033,16.70117289539396,6.764801055558771,48.91768078003197,40.70398382941357
6034,16.97894066209647,6.733131312186847,51.29209417173997,38.713156512977704
6035,15.636203204095834,6.909621245959833,43.80219573988928,46.23669367030538
6036,14.909446407196775,7.161942267825859,40.37148247548694,50.99646586772247
6037,17.85135284071579,6.6581498405609985,57.45021458252913,33.41583596357774
6038,18.342140671913366,6.3005500073054055,61.533976227853785,29.43111310458249
6054,14.47765634138482,6.93008476241545,36.96200426793781,54.04899814316991
6055,15.592312581140176,6.91385584925059,42.82358758808258,47.74384967239461
6058,16.132491599468143,6.599300601046462,46.33029432579826,42.70221889180301
6059,15.802940171104764,6.736730295655117,44.0243290694758,45.522949586155
6061,14.798241569446995,7.0437166233406705,37.74763209936509,53.6654754883253
6064,13.411770700691825,7.153582783418981,32.17907494434826,60.5552807321296
6069,13.782122785917881,7.691400827747288,37.173129555862666,57.06853101373872
607,11.704269207990958,6.643968059357457,23.58386709367494,68.4747798238591
6070,17.200770287478505,6.841904982284896,52.95239641248326,37.97126739986202
6078,14.882615035653313,6.449001442881859,36.19573844557055,51.67287380181941
6079,14.602167089654065,6.681819425129455,35.79716119912833,52.84174568584722
6084,14.108265441365493,7.048839171809826,34.63939306635936,56.15288581580716
6085,14.153434181503657,7.030543731780215,34.79161825083275,55.906731737547446
6086,14.1673185287444,7.027330171745694,34.82289871721233,55.91422554087689
6087,15.047478841091769,7.197833108272572,40.15492351629435,50.802655086525036
6089,12.654998312418753,6.472680665340729,26.509451672996665,64.51254205958381
6093,12.48431508834539,7.0261765944616466,27.374605904270567,64.51418744625967
6094,12.333044052513985,6.918506363970953,26.637109733700644,65.58482552800736
613,17.097997716775065,6.903299896478365,53.33069921269061,37.80841162525243
6134,11.913119523173691,6.745789547207827,24.27556323588203,67.85396489689592
6138,12.540515169346657,6.602971833196925,26.117900514227827,64.9876251907516
614,14.35685150801969,6.817238037134792,36.240777474919014,53.83100480927033
6151,14.93672863034629,6.663608005405675,39.51142400834392,50.08800234672924
6156,15.580837983219658,6.711911686742056,43.30678938002193,46.17569340835146
6159,16.347273614940043,6.99054176004252,48.130467893827664,42.34634173523785
616,15.29102489248665,6.594986385172935,40.84405767174306,48.36277148862421
6160,15.716537354762663,7.212801531784951,45.06950695069507,46.581324799146586
617,12.01049411171612,6.831973727998309,24.377529072946665,68.26583062957967
618,12.223780544890696,6.560113415167376,23.849923808739344,67.6248918907788
619,14.667400651348196,7.104918043140886,38.87509460518104,52.304383041440396
621,16.88137283271344,6.494583429251105,49.221450968831235,39.07887331493045
6212,16.611159024501475,6.48475025722736,48.592337494619024,40.404649160568226
6217,16.12406011426155,6.62348457638982,45.036041939711666,44.35001638269987
6218,15.75469913940819,6.748594554874513,42.922599293437536,46.708061235413766
6219,15.823005387569697,6.786601305293415,43.18587496505301,46.878427493064365
622,15.370654467859275,7.189652580402182,42.00339967609385,49.68211690067324
6220,16.96298105724588,7.270825465896426,51.4706543737351,40.65437373510232
6222,16.634285564694377,6.627358093287103,49.09589619158139,40.746914231459016
6223,16.422735629582892,6.685864482167731,47.43366588834642,42.528125663341115
6224,16.612732404244678,6.6348256676316835,48.996094162356165,40.990182624300644
6225,15.709352668192002,7.420455384960995,43.673405492441184,48.62018069594776
6227,16.09445212130836,6.739791820282457,44.61335786876333,45.79900464221488
6228,16.072712006082323,6.709498655575072,44.45114721361263,45.840700601169054
6229,14.40522611505146,6.978049310485492,34.99812350241058,56.341118392563295
6231,16.166326469784934,6.75179815660114,46.34196934182414,43.76361260345579
6232,15.963064670894736,6.718487906326834,44.75533276003104,44.923128552551546
6233,16.636461495247246,6.69392657795294,49.25301904801427,40.691787359422335
6234,15.774199944076226,7.3828475742547734,44.33793344396891,47.6067778845314
6235,13.525712288246698,6.641455966709757,31.238854505402287,59.767574290809364
6238,12.190011519666665,6.624400994824151,24.863281680112166,67.20962496972011
6239,14.96169363584624,6.234425060889766,36.86947703896856,50.69752281616688
624,16.323214527187478,6.588060890340297,47.3458107590434,41.70087013626662
6241,10.550209903176858,6.338186647363711,18.558769312772526,75.53061541764448
6244,12.751301152078776,6.404969308923279,25.90295352477362,64.87660732310303
6245,10.051459401139375,6.104129004491299,16.389284675235544,79.25640241400662
6246,13.239911989741584,6.327759249745841,27.961083334168315,61.67049086700801
6248,11.6384635494568,7.15874999541978,24.889197276551457,68.9145236133397
6250,16.015214178524115,6.458608910825348,44.51909041346441,42.95562863825821
6255,10.771408340014034,7.421541541052676,23.80280365039044,70.73572302192116
6256,11.530059099615551,7.091016784337056,23.529103806922787,69.77409756821137
6257,10.164797224883209,6.9213118702716265,19.18001595777328,76.49121884069407
626,17.286523416599795,6.701314932951718,51.67618951307074,37.66327889299018
6262,14.704775081357294,7.104696052731911,37.92348686714884,53.30224590787971
6265,17.77474651562282,6.8699621021317405,58.3817347051665,33.286314857838256
6268,12.876942033885728,6.677801865142601,27.23890649254019,64.33400469525728
6269,14.706776062172151,6.637397791947967,37.60964537065553,50.95871972989312
627,15.242399965185605,6.8683587977113145,40.97898581410121,48.59067330086809
6273,16.67481509918701,6.737136023763574,49.53588195841717,40.504359490274986
6274,12.49471108116406,6.6712505203639525,26.904900727283888,65.49851167643538
6275,15.965367241527318,7.020955463190551,46.259976403636614,44.48192102158373
6280,18.860189222179212,6.435497718800086,63.768522954421556,27.799712553483225
6281,16.16224376021347,7.278518397240649,47.86319351716439,43.95978607207704
6282,15.290751423533322,7.265348285426698,42.691126304018574,48.32476962928362
629,13.258210310203383,6.684911140767857,29.130584719135566,61.86872557284083
6290,15.263862667367489,6.036370715017867,39.31470230862698,46.25151883353584
6296,14.631960000419658,7.3466272101641525,38.83075096838686,53.105085592902654
6297,11.2319166750037,6.802689685401918,22.426107659253237,71.0237500725858
6298,16.503605361461474,6.826481979327823,49.11405213351884,41.29172463751451
6299,10.89211064915879,6.791539923038206,21.081750299841374,72.40685572793748
630,13.796699150484217,6.6055685265672395,31.932906084342115,57.797294089722286
6300,15.817833005303708,6.753590457935669,44.783345718001115,44.732258963403304
6305,11.969742272288649,6.703095313405572,24.4245720194554,68.09582168434758
6307,11.201107219653125,6.843346139408968,22.57520648632265,71.01045692202773
6308,11.87102831862762,6.114461095182832,20.230902729441024,70.13948826461007
632,12.823915075457647,6.994709463258143,28.416406399388105,63.17642934540124
6320,14.841144968749328,6.867999781852741,38.70349852584928,51.3793168203414
6323,15.100259438006063,7.412710872793269,42.24015356178018,49.97511730413764
6326,14.725770626147494,6.545896234377391,36.05321415145566,52.811077231527506
633,16.71239306011598,6.614829729563796,48.498898027199914,40.38864699242058
6331,13.531681693130619,6.002790155472608,25.295734820516845,63.115230539627674
6332,16.20677345958404,6.488512489445909,44.03527700895998,44.44027458522932
6333,13.76650262669904,6.0187312269573665,27.2525353397958,58.239639112243665
6334,17.151949849362733,6.221259332612854,52.79784555939347,34.56120836016627
6335,14.43542940400874,6.629891088686084,35.141498383544956,53.922831841821676
6336,16.654818337443597,6.029186421302098,45.36863908637967,39.56782175446454
6337,17.211534141731573,6.740624372291684,53.76812038370774,37.406907965306935
6339,16.42000282133198,6.9864528166415525,48.62355480646974,42.77625003696147
6341,13.613897589207882,6.962612688135721,33.725361635864445,56.96430766709011
6342,13.881958547544498,7.311082745318293,36.05048376869106,55.77965512303884
6344,13.42077205348857,6.973505775445502,31.12530256991296,60.57166400576814
6345,13.59616379505744,6.790318050794755,32.36784449227384,58.632937293092304
6346,14.930240449660303,7.11870588474644,39.65438754652647,51.42770433711495
6347,16.279437370365304,6.840979956431024,46.36376952230991,43.93686947287475
6348,16.4583863962681,6.387878691131403,50.23826979472141,39.43976050830889
635,15.69232698666303,7.417479739398044,45.47381895275811,46.8458738349534
6353,17.046056262855934,6.78262047970695,53.39346723569258,37.2294269940536
6354,17.683111302501455,6.776579811678921,57.01659628793087,34.554790196546065
6356,20.665404546700522,5.418623154906858,75.51730644248306,16.53284135935764
6362,12.042353724762265,7.438902089395661,27.568583063979744,67.25165987934515
6366,16.914674154210054,7.348554524423315,53.48796221227396,38.83934341476024
6367,18.106459763561915,6.594605639546627,59.09551252682598,31.959682669817465
6368,13.86167778742421,7.183368863381696,34.620886981402,56.76231688717057
6369,15.863371867085363,7.223355507469998,45.81320361051915,44.284646367724015
637,14.62391336693486,6.7113074050353205,36.54988565474499,53.47839618939363
6370,15.041067611454446,7.224575211127871,41.46855739376246,49.44969646415496
6386,15.56878882112087,6.7560191850431375,43.609390753276685,44.75442892121561
6387,15.47773958319378,6.697084154815866,41.81251083001213,44.81170218910645
6388,16.496669826213655,6.425998671150858,47.25824246679372,40.23871272800218
639,16.306903426651914,6.797976255931405,47.537461732638704,41.13137117997744
6395,15.471674830125306,6.69990864339601,41.779321476955005,44.92116565301358
6396,15.500332395776026,6.738438187281375,42.15356290095222,44.875003595984005
6398,11.908266149476082,5.597405491183488,16.499660203299644,72.53864283751935
6399,12.021278247054932,5.793542249660807,18.900551452061105,71.67580954026464
6400,11.723478162650967,5.689710604051582,17.33584786145142,73.49668168665333
6408,15.476892700565944,7.033742976026514,46.03712412191667,44.82204664612329
6409,15.332996066941597,7.064356480540772,45.27785024784764,45.744557497753426
6422,14.536850274182074,6.920296303590154,35.8663221269114,54.840428365922534
6423,13.309508651169853,6.828245496721892,30.057646156510554,60.37754521388457
6424,13.550057173655723,7.132068283123149,33.20108890624011,58.40209340114377
6445,18.008626819445166,6.497198053897093,59.27744559549468,31.726691232705278
6452,16.93961388586241,7.077582215230471,53.65239294710328,37.76095586004985
649,12.141760197481629,6.967834717545039,25.50052573979099,67.6015536147293
650,8.910299560171186,5.729604002726243,11.847233803253893,83.7237487637922
652,9.134418338964725,5.67987420126899,12.0287928350272,83.31554918047125
6562,9.157555867059068,6.81247668777914,17.77825357741855,78.52121471648289
6576,12.87549363251116,6.289931608183772,26.221796686370823,63.64998751144783
6577,12.159939063618184,6.341062781672596,23.541971948921915,67.72032656478962
6598,11.728756934362318,6.913965955576576,23.879854601109624,69.29213698105988
6599,12.43426736420071,6.741293906379147,26.1051224199883,64.82827776385058
6613,15.646612305485572,7.320291912247349,45.82317181556401,45.07874435635821
6614,15.609953944308371,7.156433137406471,44.807871481408284,45.90897540867896
6624,15.425377075140776,7.205102201334125,43.78967421824463,47.69720707720523
6625,16.390846965823695,7.564176576528031,50.111400972995845,42.51780300359586
6638,13.213048280638143,6.562301486266873,29.36905203312322,61.47262390310221
6644,14.531891847835084,6.709523902494352,36.75430844012373,51.46437865174056
6647,13.612855973578272,7.265363098999708,34.795325230727634,56.344241947574744
6648,13.667915910806931,6.749361099992067,33.06587269546494,57.44684430090163
6649,12.71925473145792,6.910248796026647,28.914056170672424,63.10255198487713
6650,14.087871324669118,6.992220576099599,35.96677179739069,54.37843613739379
6653,15.05004771365904,6.9926920424991215,40.50911050765946,51.02298874401443
6668,10.150768005232747,6.463235950869429,17.154832718419797,77.67236402881309
6669,9.73551212729557,6.261942709387987,15.44565856833515,79.60522198440414
6673,13.428062897106264,6.412048852881007,29.571148028236294,60.349769120535
6676,17.424586842835836,6.797856187091673,54.32508810051904,36.576633377993446
6677,17.145669011446497,7.026518963292174,52.91983550222523,38.55444763675286
6680,12.394642944519356,6.594354666829745,25.16955484147076,66.00343824576929
6681,15.680755243240975,6.82480771676196,43.67108945092316,45.093655022827996
6682,13.27886759373171,6.7946419833364935,29.7702660737765,60.40542058421264
6683,13.897633032532474,6.642556129395691,32.327017007939155,58.457830175170635
6690,12.124447658285318,7.137905282449748,26.49677650819191,66.95730640023483
6691,16.157466375862356,7.117068192692342,46.962791792370076,43.94056101161821
6692,17.29937793694644,7.035901972685665,54.59064101573566,36.65816786422519
6706,8.692740041806903,5.337045263582317,10.01582673885881,86.14244064972928
6708,12.932408852608612,7.414024089335412,31.457464290228792,62.28289723170269
6709,12.415264704887706,7.004247757837859,26.753189292825013,66.09640390335029
6710,13.856670249312627,7.323775648815105,35.44171976891225,57.1297513079269
6711,12.152782200009907,7.035209740803692,25.89605956415267,67.77401241744379
6718,16.17349240899574,7.209133246217099,45.952786048490005,44.9808592088473
6721,16.166122503737977,7.169053474360518,45.765518933507806,45.053978899157606
6724,15.45787736573617,7.400098473492363,42.78382994246298,49.22731267306703
674,12.77606112364275,7.086119219381531,28.62897533153253,62.66976630368286
6740,16.943109710087036,6.696876204537867,51.72444287230279,38.36727474859771
6741,16.355466742375494,6.640940591585092,47.57405549111856,41.66655806497856
6742,16.265833660087743,6.633508151608167,46.8844391209249,42.27684616185814
6744,17.239518091773384,6.622175377082542,54.000901996692676,36.29990023369915
6745,16.597407411647044,6.548555261220297,48.792296519446985,40.250954865780834
6746,16.56275653883591,6.531476426900851,48.75314078837165,40.2885472671764
6749,12.798969551897507,6.660954718362733,27.95992330221876,63.224046018668744
675,11.823050344337982,6.455100673407732,22.454523314412032,67.7907042095206
6755,13.38133607980629,7.590965206016622,34.678307843578594,57.58947081610653
6759,12.054673368555537,6.037783333940982,20.777485266801193,70.9371784420895
676,11.802530318192355,6.053461681037862,19.42915868641099,69.77997851170178
677,11.020651228477758,6.249155991417837,18.76653718403423,73.75349509279589
6775,12.099433659322852,6.736114861121838,25.075623239803903,67.4489760439484
6784,17.19743280987404,6.643919804904469,52.65087053279225,37.400183270061525
6787,17.850812207617704,6.549332026379373,57.38538254232092,33.36453273516549
6789,16.437130945964245,6.9776851327380465,48.811103738111036,42.0482194204822
679,15.350537924959848,7.240089367744914,43.78688042675538,47.78341017129009
6793,16.36658314639585,6.5892803553916615,49.256276876971995,40.85908852802515
6796,16.514099321453457,6.64342141570915,48.43420235878336,41.03817504655494
68,12.689927266824887,6.748918157325164,27.00053615709403,64.7091347764895
680,13.82027680244291,7.38189709379771,35.7409013980345,56.84226245502254
6801,16.45753634979817,6.373096224154483,47.42510714840888,40.7208367569008
681,15.806014269538114,6.770739099325732,43.84765766418073,45.64405184273405
6810,16.476745453152873,7.076887052175795,48.12149726700339,43.33529371064831
6814,14.657320814057236,7.269328797741794,39.66308404543879,51.94460873289417
6815,15.583104456442072,7.354056605420222,44.8007355148604,46.81964875412789
682,12.066162724575332,6.7113527026966375,24.336347938068897,68.60494043960547
6825,14.441986857221606,7.205583850990691,37.17171147282011,54.67855228638325
6826,14.663243859123597,7.290845964610274,38.59322559720225,53.41681473333897
6828,14.86623067775436,7.394717826346273,40.24729520865533,51.96852606435296
6830,17.46186131722043,6.449701928155093,55.13989125061789,34.9757785467128
6836,16.7144821894992,6.76005112399127,49.05526590198123,40.73965936739659
6837,15.620357194832916,7.051795194965471,43.442018092869446,46.66839760583782
684,15.819763239439132,6.999089698704967,44.04133850849757,46.12427930813581
6846,14.432966588833187,6.970066447815236,37.11224457062201,53.73239662528471
6847,16.821774336401663,6.813769526256949,51.084566309216775,39.38373829238496
6848,16.31735875986905,6.695225480772293,47.15872746498179,42.71634270198295
686,12.129809478814952,6.649819175779133,24.57196488500408,67.05599059555185
688,16.256753536309404,6.579166255760485,47.75224144462685,41.8766799559829
69,14.459761633884842,6.6983453121449426,35.414400696106156,53.49475410384699
6902,16.683095631718942,7.374209814008493,52.20883110304361,40.798471864578495
6903,9.485257181721504,6.105382555466123,13.737625849537077,81.44594161593335
6904,14.762531385944119,6.905332691147668,37.96541543652467,51.95444959932518
6906,14.701998623068926,6.5107732749445635,35.525501823844365,53.37357878794343
6907,15.224081867897214,6.560414520873323,39.02782219379597,49.50005329922183
693,17.784737486453995,6.067815086023808,58.28079107107891,30.53260231055414
694,16.18323700292396,7.23782167824238,49.09471545979334,42.965519385629456
695,18.716194260545432,6.775959664372047,63.960234065311774,28.710753161769333
696,17.78096786739452,6.688397044121472,56.870757803313424,33.72917467081136
6965,15.088700731498394,6.452252342914605,39.400269387941464,46.9305755313563
6969,15.359230645277874,7.274712520691612,42.69159651319038,48.063074961812774
697,17.07853729316994,6.719495218592688,51.25488240671486,38.23097592731101
7016,12.044183191297103,6.754981500491836,24.720588235294116,66.73214285714286
7018,13.432286008058558,6.483112553927342,29.448428186741705,60.512541224168714
7019,13.738399292367948,7.0291885133581244,33.28883430341219,58.449030811128324
7020,13.471865382026547,7.082438076714994,32.27815468113975,60.14518317503392
7021,14.973809095058753,7.3904326771303275,41.202408610307714,51.30940527555198
7023,12.835961770148415,6.833400757906525,28.32592319565067,62.57573314289664
7024,13.965870135647508,6.607862242641449,33.671744896071054,56.233886387466846
7025,14.238214942443905,6.838788886722006,36.51262958096073,54.49944030758749
7026,12.612474998980666,6.752858545149687,27.34888351585834,64.30664201393827
705,17.35809558749109,6.9211040234751495,54.726197290593404,36.40272212682058
706,17.578659211276225,6.7930774024855545,55.61497326203209,35.24157578871167
707,16.833512399956902,6.81919387722977,49.73514318821387,39.7602494068311
7075,12.466326394568998,7.367397864185036,29.684667673716014,63.7405589123867
7077,12.457224237155629,7.081127369956448,27.397429305912596,65.27506426735219
7078,9.352380843864305,5.778023707874151,12.823309286293187,82.48901874068218
7092,11.930035776917224,7.098888343499386,24.876590525831674,66.82661352138587
7093,12.40930308116961,5.816900750915569,19.65322276667923,70.55408970976254
7102,13.65375067878131,6.835365989746634,32.7118486063205,58.19361024917098
711,17.529155731964764,6.826385417087961,55.97538824068467,35.34176635192852
712,17.608287813186813,6.629692163051573,55.76207048525098,34.475159951976416
714,16.269015534260216,6.695015187739639,46.042404352707486,44.131617583556434
7173,13.933887333866155,6.76275524484247,34.42430984513598,55.26215638631108
7174,14.954273254793842,6.986324173332661,40.17617647689964,50.29398510761571
718,17.099554620617727,6.904616952634285,53.54883940682487,37.60078033316569
7185,14.254332337489988,6.802690344890364,35.41974571543227,54.10741027121729
7186,14.084440772812329,6.738177666858786,33.85419153955625,56.30426269591877
7188,13.439907970079206,7.27920556042715,31.929493305087675,60.745823595104596
7189,13.926599523822793,7.772837052940146,37.40461025772485,55.17717350580719
7190,12.970719501240515,7.580983612868897,31.7990463079348,61.15001695895932
7191,12.971197302717536,7.586778592524795,31.84928051020202,61.18387858483521
7192,13.082512961944666,7.67843621579838,33.00128136237755,60.040094242136156
721,14.063130280006323,6.909746142343966,34.945666347909246,56.319221072763625
7222,11.037871506796535,6.553520784697891,20.24207618493748,73.032676650189
7239,10.922055433893036,6.461628367502549,20.04422306494371,73.57196352785934
724,15.154304127792214,6.957005079851844,41.02189436968254,48.921778888077114
7243,11.787784506073264,6.491401094928223,21.973648213355926,70.25319248453398
7260,11.721408844438107,6.549961676210676,22.348411596139307,70.042720767919
7284,15.829973262935539,7.092273887689148,45.74239102009616,44.770775079962185
7291,13.793108231942295,7.835508177492099,38.006615598885794,55.04352367688023
7293,15.024090023422012,7.534598399064031,42.039615448367314,50.78526437924747
7294,13.56138924133131,7.0620316511654755,33.415593429474825,57.779638422809555
7299,13.683549562546693,6.786004530541196,33.878518379462875,56.448944632821394
73,14.721468565678665,6.785458765926178,38.11317755523764,52.26037195994277
730,13.468593262659413,6.683661588748842,30.47776606673515,59.76812135604979
7304,13.71266943616327,6.7869864441731,33.879090248986955,56.142693181552005
7310,14.400144396195122,7.380382780602825,38.44064053009387,53.45775814467145
732,16.610817485320062,6.155138566122721,46.99184575663577,39.485855452569794
7329,19.30566851704463,6.129754339833876,65.72943698521945,25.052465305201398
7332,12.89859155556326,7.1868857397937544,31.057558091797354,61.74665407668938
7334,16.85695206845643,6.888337418816531,51.555140282613145,39.65159737866066
7336,15.065156527281545,6.833180766735471,40.20998191504161,49.10925442508654
7338,16.069879515584287,6.90124900437527,46.48677831891752,43.970665976807226
7343,15.520785305361615,6.996306850143992,43.77155920233503,46.627069173147184
7344,13.489398465395833,6.495041811178281,30.032225274131108,58.98955382053334
7348,15.022581762977271,6.689076450191157,39.78550990542341,48.487429832033726
7350,14.388519175549138,6.247520665891985,34.17629127130651,52.64909192391911
7358,13.442021083683803,7.373639475218572,33.279603937597145,58.08723351179168
736,12.530058951948432,6.345001446929677,24.68198451619327,66.19451843369595
7360,14.00420243357944,7.016116057638106,34.362193843514724,56.65920137234347
7362,13.69566047981055,6.678866782861511,30.47653247150514,58.9248427296546
7365,14.65705503167103,7.38615615180839,39.21959164450898,52.99496668988727
739,11.864998251174091,6.283891025222258,21.485957885367625,69.74913920314806
7399,17.201966269495927,6.682436713460812,53.28433103030914,36.98244994704725
740,16.759961275391788,7.954010594706671,54.516710718079196,38.737247733616584
7410,17.91772317196701,6.709337153992766,57.470822111068365,33.45645761190201
7411,17.646166620998436,6.7707011443170115,56.38686131386861,34.29295130188474
7412,16.355398465074114,6.630130713903995,47.706914123263424,41.11730944590463
7413,17.512900558053634,6.664795458597802,55.081384567837645,35.28124034202122
7421,13.613417834331692,7.397932997163427,33.8610937877843,59.15159537233839
7427,14.380729945511437,7.0147670285117325,36.90829114804628,53.65112321671287
7430,13.54409664154684,7.4591302244099955,33.94697628213088,58.75450142803924
7444,12.118511532969794,7.245432585303292,25.19874263767152,68.1421720612374
7457,16.406728044620113,6.953310185422617,48.15880893300248,41.62779156327544
7458,16.89420565173668,6.6572351707202975,50.406097087864644,38.79384784812344
7459,10.406967983224062,6.221941001263924,17.612600380183885,75.14321552805472
7464,12.043514345063103,6.911775805002769,25.851629644625206,67.48072215985424
7470,14.843980948058432,6.72899226265726,38.21482602118003,51.692721465792566
7473,15.681112788552568,7.187394371595985,44.71784293502284,46.62873593181535
7474,14.380933057206597,7.402622150003695,38.73599581361052,52.964962774434476
7481,11.419791007722129,6.371895767284064,20.759310842876303,71.96843082636954
7484,13.09424914601654,6.946277999178098,30.745932848736583,61.08803507557402
7485,16.436201731315645,7.48513243759568,49.77000116455106,42.60995302977369
7498,16.1294661580785,7.058439915835303,47.891582749562176,43.184927758318736
7499,16.478103754275388,6.913639552852575,49.057584461769935,41.65914375598413
75,14.275902018900517,6.779894328760525,34.988849460706625,56.15103019762402
7501,16.395423790506054,6.980519310478012,48.74462086362962,41.6768066478706
7512,15.004674615795045,6.996239435188429,40.62284675078223,49.75205864744886
7515,14.85590181802156,7.179381509484705,40.88200238379023,50.62968043717814
7517,15.250867825688621,6.961216683846292,41.692204285763104,48.54577974230739
7520,15.148364257968842,7.049442805678079,41.61785657748931,49.22770754652977
7523,17.67701279984254,6.369484846395931,55.878903704990655,33.72859025032938
7525,14.23122599803896,6.472497369363519,33.806956380736175,53.68290903194421
7528,16.55993252623546,6.7926586797931625,49.012173218918385,41.18140091798044
7549,13.985076397711769,7.053059606041086,34.943762475646345,56.54949021670272
7550,14.11685260592908,6.950929522130311,34.61538461538461,55.73222398039916
7552,15.438218344673517,6.630738591876692,40.725555618390544,49.04710739127976
7553,14.887629900343326,7.626085780431938,41.903155981296116,50.85447087384446
7554,14.523229650155988,7.1951308163242125,37.761666496477076,53.108087409374036
7555,15.562566224748643,6.633855506326074,41.39006026192365,48.42664885251833
7561,13.33862477976095,7.0314872610760375,31.014701442274195,60.16907819866688
7562,15.756921772570745,7.116369155499567,45.63723255146326,45.795970751642265
7564,16.690149233799975,6.688966894080148,49.52088922958988,40.500274967920404
7587,13.036003645515603,6.779707164714759,28.509234828496044,62.79155672823219
7589,16.138522044047548,7.709625066078279,50.06488450558007,42.069116971790216
7592,11.996585045951852,6.6145171453754905,24.16819956756059,67.39923193597315
7599,15.447479453500133,7.4109231729742175,45.52787522048477,44.02758784707771
76,14.03735412820286,6.738441413910536,34.51320040102484,56.52640080204968
7602,15.611453688508142,6.585092854985847,41.311107549286746,47.22872255169098
7603,15.359023366207975,7.175154553958748,43.062191549185,44.47787019013351
7604,14.430144804797298,7.090206903294792,37.3921572552395,52.471125167644175
7607,15.133235121537927,6.605519462403799,38.863030847751425,50.627547908708635
7608,15.398296453950472,7.384086177688155,44.55904393784018,44.750335252820065
7609,15.091443759263585,7.278983552560311,42.427285795868535,47.5335263188988
7612,15.200901910313348,6.87515590302354,40.3744861253854,49.06539054470709
7618,16.168186269452313,7.095428205918902,48.12761373716893,42.60708401976936
7619,17.671220340786707,6.530632864696471,56.24045451768587,34.46911845561733
7624,14.19653145813599,6.388573962512746,33.49588675609576,53.6144667605425
7625,17.448967441822486,6.8616634933085505,56.049131198606375,35.23037630836913
7628,15.845538326619979,6.817071817035597,45.20115433731184,44.26702597258952
7633,16.694592369409694,6.672537098862644,49.94823871743935,40.42416272628074
7636,13.964440997130207,6.373863412305703,31.449995879913207,55.20504298623891
7637,17.579323883597723,6.64655330276836,55.919839238032324,35.00013763867096
7644,16.244326891026216,6.7892618704180006,45.07818317200298,44.48001985604368
7660,15.54896929519384,6.514898527659131,41.28979256520846,46.794002875333746
7661,18.188334433325014,6.179860896808998,59.15495829849712,30.644996839250393
7672,15.954613431751529,6.935999769979933,45.996443283884474,44.447696013326436
7681,16.369301120180417,7.12758862551709,49.06640625,42.34375
7684,15.990337751214234,6.802675416294074,46.064778898370825,43.159425911559346
7693,15.261079496512917,6.734817095760027,42.39764779257808,47.491869737604134
7696,12.492522916092222,6.48581655385478,26.379822601982173,64.4184684782373
770,15.614842590394252,7.048828644202991,43.86463478196123,47.11970415229207
7707,16.824738065409328,6.939600987933969,51.50889423532309,39.62718093469983
7713,12.634840624488415,7.198122770216284,28.98502372479241,62.140421115065244
7714,13.612920266228544,7.206185936770239,33.08887430608517,57.82150648245038
7718,16.136619733885208,7.664526299493708,49.578467392730616,43.596640860779424
7719,15.7216648151284,7.56511803969421,46.62532282739221,45.987070454508064
7721,16.426160167716937,7.029158115127887,49.053871403745894,40.79616399562335
7723,19.645661777872004,6.400282986949674,69.36192155427659,24.052696363817823
7724,16.44558850008825,6.686363490982951,49.439649619992274,40.248615226072396
7726,19.267756691792222,6.296719599298094,66.29493931760935,25.850698419967944
773,15.195650382171502,7.202155371710023,41.619022558189606,49.32660335382628
7731,15.337999837418282,6.8909266048348154,42.93126649759329,47.59976191708504
7732,15.93095908290914,6.787712590594981,45.79228175837125,43.85017402594569
7737,17.76663746654587,6.85505756909542,57.66518451386332,33.97858902829307
7740,15.927494488682562,7.102174720065483,46.17665569326104,44.798121611154144
7743,15.97899255054889,7.088776258976905,46.478465086513964,44.257960129921884
7747,12.60247417867059,6.544260210054666,25.698698315467073,65.71114088820828
7748,12.338516737364277,6.919902858805311,27.152205319962608,64.91128674352946
7752,13.93877598898495,6.7856096543336815,32.867603189239034,56.88778000759343
7753,14.58531824773902,6.768815224769722,36.32420634365425,53.497124788381626
7754,13.687130644334328,7.073824050571511,32.86161199801286,59.09048188079862
7756,14.805606723554325,6.881031373909885,39.45916114790287,51.17917586460633
7757,16.971216283108085,6.840142137714872,51.823110449665144,39.20883384713511
7760,16.413872302904707,6.683512975756898,47.59749486869112,41.95305510236304
7763,16.487789931741112,7.092082174545611,48.66143833788417,41.93270237533105
7764,14.798691586811962,7.091621963748949,38.632681042004236,51.31081474095309
7766,15.126128672462476,6.912476773829462,40.1616810069398,48.254647585930186
7767,16.88658917728508,6.601176945324945,50.2973096594453,38.951030534880175
7776,14.667454460224285,7.108971181360966,38.48164687942489,52.31674109574121
7787,12.682465899476233,6.6195730438124505,27.105348957634106,63.51239907174776
7792,14.62189075487631,6.485202213443097,35.04528985507246,51.461956521739125
78,15.726065735732993,6.852305991697714,43.391664490130964,46.58035147942241
7801,15.443614538425825,6.864527146663602,41.296018919984235,47.83287347260544
7812,16.383128322040843,6.995337994987308,48.82628382450664,42.11315272991392
7820,10.950565679810168,6.546342189345814,20.862860706389252,72.35444186178354
7824,14.36419372106189,7.13490195986432,36.42387320696099,55.029004150384694
7827,13.941954357715058,7.080762089477788,33.795278428545686,57.86808433952063
7828,16.46624800771277,6.582124050351205,47.94344240007251,41.494607087827426
7829,15.177330259789034,6.424213987161557,37.78314226769041,48.92379352149223
7832,12.643573947352223,6.888696772782567,27.627573858549688,64.80112546361427
7836,11.452510674916027,6.796305699617572,23.86240252689764,70.01085776330076
7837,11.469017702736691,7.1060588972176495,25.025563377512093,69.61006017225783
7838,15.00721808622222,6.7295730036755,38.06065391642871,49.93435127119811
7840,11.667916614742397,6.306397800018776,22.144624265539637,69.69642304917019
7841,13.844841810248537,7.048288901727983,35.01573055630075,55.73982391532327
7848,12.21632862302119,6.668764124611066,25.265615416575987,65.45713550837901
7851,13.497062868395668,6.623787702831284,30.927474916063424,58.435383391231774
7859,16.714909370615988,6.845486023732761,49.643432965397494,40.04092769440655
7869,13.970236277223997,6.340831285230723,31.69924275462871,55.42163898029576
7872,13.981077252268767,6.395523723696696,31.973955463025327,55.20380462515053
7875,14.558661716915436,7.12576447294266,38.106581445535916,52.70345169164731
7876,14.969040442213307,7.102209665117575,41.01838934686113,50.057070386810395
7878,15.52759064843237,6.654473999201074,41.25850812612863,48.601194610362555
7879,14.638190633683275,7.196770146421559,38.796603023549956,53.133771005240014
7880,14.585212265951071,7.245449907572818,38.790612863502886,52.790802311262674
7882,15.511693679608817,6.683367018938828,41.15520453850218,48.6985177563336
7883,13.656102144550673,7.219976775358644,34.58161269289285,57.502716800695495
7884,14.791664679537279,6.758884122862957,38.64878715408268,51.4167663136317
7885,15.491740138979392,6.588119404669111,40.83243116334277,48.914135155934105
7886,15.780667572810803,7.101663419643674,45.76827581610038,45.6149705887254
7887,15.68476026324924,7.051670737587342,44.81933757109401,46.32820341251255
7889,11.682123884093466,6.990058130846817,23.0694421932526,70.54437678004956
7899,13.891136858985892,7.135277766785434,35.501173315454245,56.61939395706103
79,14.565212543226705,7.066881138663852,37.94207836456559,53.02063221654363
7914,16.39949483393542,7.125533965939098,49.5187914096413,41.97509709846927
7916,16.072882894853873,6.291651483104419,46.66456096020215,41.77195198989261
7917,14.116766528025526,5.854106925235541,30.633968171145316,56.30576571875815
7918,13.737684752079305,6.358426782529686,29.89145658263305,58.05847338935575
7922,13.05828994357932,6.776553585090963,28.864024781029695,62.84981841486862
7931,15.267284468829526,7.261284673765911,42.37837004292066,49.28936749852219
7932,15.655367290598928,7.092321281014326,43.903790876632165,47.26414972738171
7933,15.837032410940814,6.907634161794334,47.32051626781393,43.29792955095456
7934,15.301111307783822,7.253634185412692,42.50852254454235,49.097575094873605
7935,15.654434685971509,7.111441294771972,43.96448562053658,47.199382358618024
7937,16.39137972832335,7.1605334333008885,50.350322846544856,40.869624948481935
7938,16.085844650458657,7.192542072507506,47.237600593573426,43.82598025226871
7939,16.111005321283415,7.186231902169701,47.315531769528576,43.75427009792758
7941,16.43973054599189,7.041085558319147,49.71475394629026,40.92391892518668
7942,16.514616479453903,7.14104437215075,49.65040194428865,41.51897550944102
7943,16.47324070119333,7.191006735267059,49.62041884816754,41.56507105459985
7944,16.794431349492918,6.752007366309566,52.07943717160922,38.577690701655435
7945,16.104218729458957,7.185100590662925,47.2735030578865,43.81453562793344
7946,16.095949013846294,7.177186139881225,47.20271286482499,43.88541267611629
7948,13.814265842543175,6.666248971589564,30.960105925993307,56.8088783771491
7949,16.7696399644217,6.734296978604053,52.08252412680391,38.517732827392514
7950,16.02597723588987,6.409090225131309,44.17409601860568,45.111024973697326
7951,12.201554600601627,6.178228423708556,22.378602092491196,68.3941286856379
7952,18.220464146517454,6.540379333372052,58.1445070953948,32.1210723793154
7953,19.20841882648941,6.131197657592848,67.93792640785793,24.238320063795047
7954,19.571507597253582,5.946217656677619,68.17150833115241,23.130943034109745
7956,19.31186123278654,6.15486238716691,65.72880721739493,25.610111004864255
7957,19.255787350396893,6.246231689224505,65.7198351507503,25.710370122059434
7959,19.539016762952205,6.031039519479521,70.40962511251696,22.237154049976546
7960,16.09555287106313,7.169226707382401,47.21804297839725,43.83569421182615
7961,18.188616836714793,7.23244523496344,60.35309005663548,31.29576997282327
7962,16.075704587383477,7.21081457200386,47.27513077098021,43.80685694791904
7963,20.25847738849524,5.686022367446509,75.43436952768911,18.18204398961736
7964,19.329955423824632,6.1420870346417615,66.20996370308325,24.91623788440828
7966,16.672713286694602,6.88211811373659,52.0664102526025,38.644767519565185
7967,19.271855682242844,6.133326982753316,65.42247656466871,25.730819329076894
7968,20.167754091912826,5.7051897504269835,74.87379967358713,18.582760845637075
7969,18.251703482628322,6.612530373644595,58.63764821836248,31.70640946988364
7971,16.423057025215687,8.005282645341246,53.32823349417441,39.22443215252442
7972,11.522854476182404,7.422124351484938,26.046322633075984,68.5315928484356
7974,16.263996722503578,7.477702052719702,49.87512232170243,40.5640673609184
7975,17.04105790973008,7.304061517586576,55.977710233029384,34.445465469710896
7985,16.34608482970922,8.017402326424111,52.568632780646915,39.95532812555397
7986,17.555655715384045,7.749856867732031,60.82291636172019,31.954975262741886
7987,17.855417783261956,7.492617182680955,61.444661749805604,30.73470157166757
7992,17.741310313791274,7.5104683260550065,60.7098251457119,31.433296327134798
7993,15.179501967800466,7.029319894239689,41.77823093063806,46.19203830126784
7994,17.844094054674127,7.5004361522188825,61.343169974822885,30.751214942326833
8003,12.876780109429854,6.616340870347003,27.526523252400718,63.51637522539523
8009,13.026548244135412,7.06267769543041,29.924119184307468,61.990323359326624
8016,11.145977902810658,5.87658249039079,17.75753510612978,74.92697492264752
8020,11.035521789977054,5.8570084582840085,17.29133482863613,75.55071568659321
8023,11.20009582066547,5.933455860308912,17.360975974852185,74.83870967741936
8025,10.744519999159898,5.394460392448652,13.848928680081707,79.01473336520492
8026,11.279951146521363,5.893896685045563,18.163600127726575,74.29282418877106
803,16.02523777402964,6.714017331825029,45.56566720950283,44.345243797298586
8039,10.143777712442718,6.112061159078981,15.971271800409326,76.41726203181697
8043,8.304566503272232,5.203873114217756,8.706477045531706,86.85100657638286
8046,10.675320885084613,6.3638166496980855,19.575993196452433,73.50990159154416
8053,11.954942232098155,6.919847886382073,26.559794980847613,66.02870813397129
8066,14.066854040776958,6.847146685303614,34.39917085663872,55.475515430803355
8068,13.935526814005277,7.593790255526284,37.242214171253394,55.36560300982373
807,11.477119545856185,6.7884909189591935,23.0990836372552,71.21578963498727
8074,12.755313904278434,6.757689251268492,26.639980324476518,65.77222189241219
8075,14.00432604564261,7.337390477605279,34.82390696902349,57.67957431504007
8079,13.701945955151775,7.516334248980383,34.56657075595083,58.08841224169501
8081,14.89780583465216,7.358511931684738,40.62640241293299,51.28734984397341
8085,13.723762622175666,7.077506251920672,33.11239094874591,59.1330425299891
8087,14.50340884854928,7.440937849602701,37.70486182541315,54.878111499691414
8091,12.81234667166471,7.545802061065252,31.44106839034471,61.98870390080564
8093,13.78741082270676,6.994022807665412,33.28928251259699,59.13243067791895
8103,9.617721436618412,6.072287080558024,14.918271310411724,79.21849807967072
8106,16.019823659023412,6.94008378234939,46.433670618908685,43.76228609266042
811,10.230219124602819,6.328706328747897,17.45770571253347,77.725756510553
8134,15.723377107420967,7.236541943882503,44.48374707559147,47.127492234846976
8157,16.055227693364237,6.849355067703049,44.41884044612407,45.22690263311519
8167,13.235953690601507,6.469666635583471,28.304262620709224,62.321873531315674
8179,17.716314161779962,6.547651896798276,57.01467235634535,33.39568597650085
8185,15.291930283559779,6.751482758336398,40.46681254558716,46.44784828592268
8192,13.633706978018983,7.605487559168229,35.718013807501606,57.398400986927946
8196,14.39555003022485,7.489497879200711,39.96425575372944,52.52762884341832
8199,15.49525855365469,6.945669766139309,42.447944191945886,48.110664834584085
8202,14.041578406026778,7.062346328075023,35.84964346193279,54.083196055617634
8224,12.023233204834236,6.078079391278833,20.787661607644743,67.73819561551433
8228,14.251301602446642,7.433122843145112,37.59326234856724,54.48544475075242
8229,16.932076704993424,7.040818817829272,53.21460315370181,38.399666414282734
8232,16.108073881627057,6.815567954046699,45.43790809125735,44.06377467934302
8233,16.433246701379613,7.257378275243852,49.755402334270634,42.19791225299488
8237,15.825002227423154,6.976751986504673,44.909278407982384,45.5419604782742
8238,13.847097903663665,7.05216557747249,34.3367642082974,56.72076752638645
8241,15.996713958840207,6.804822149244993,45.53193559371503,44.25094452822234
8243,13.916645047287034,6.7774244403607735,34.216746096322986,56.08508659769848
8253,13.572833190570108,6.640202426600354,31.74533536349325,58.499574182559556
8259,13.477144725267467,6.568557267283259,31.060520468496968,59.39065265695025
8260,14.703410490588157,6.991985138088682,39.30481551722408,51.70534934826455
8261,16.079112889805977,7.20993312956447,47.75424953611756,43.816610254832305
8262,16.296394998573,7.017946145229096,48.236210875450816,43.08021219417165
8264,14.263167004690201,6.754648515118438,34.93739915266668,55.647882098142254
8271,15.981223629672277,7.485488600521299,46.119780133899496,46.08591450230547
8272,15.268859748669772,7.067010267788833,40.7309356234261,49.39497643184607
8278,12.95347665946398,6.351969175615026,26.811189151092425,63.370355068413254
8280,16.62457194905115,7.026595462765855,49.63597918434014,40.69309563301638
8298,14.208561930143052,7.26643450121114,35.948707109138304,55.60628478827591
8308,13.141197337461087,6.8834738996738425,30.961152757428774,60.89529309682651
8309,17.8333120822182,5.4443800153252875,56.11460338913894,28.33335458451809
831,15.578225383293308,6.609801420455821,41.79780356893158,46.4563456636083
8313,12.894244943358645,7.362433067840766,29.782124721714986,63.946769392400626
8314,16.90252021889031,6.694471432342306,51.83558381450942,38.4079624345638
8315,17.39362240307509,6.906833649579192,54.84200139047747,36.60319809818565
8319,10.913811582772855,6.85771654510126,21.824128039756637,71.30615899000603
832,15.201648058300933,6.573756513188356,39.496891257454635,48.49532631222772
8323,14.42725954452675,7.332672889767701,38.58589157413455,53.19439908556499
8326,12.046157345621229,6.712018077694529,24.366268359878063,68.39737215330193
8333,16.885859860356568,7.072074758948296,52.43757196907386,39.1353841092285
8337,16.915457808042053,6.7304243289292724,50.700748474415605,39.21360814698273
8341,15.832136748336387,7.27842442958347,47.16870426081205,44.38754827284559
8344,15.314186576569643,7.45772125975134,42.3953966666292,48.74970498656987
8346,12.918598261609384,6.916689658845306,28.96908848336838,62.58281889514507
8348,14.499857048275967,6.070498519390836,31.881102747547246,54.96958821747337
8349,14.036787163432729,6.887889868381937,34.54026908053816,55.63891127782256
8352,16.154646158224356,6.812461260017552,46.333122700070625,43.14202877002565
8355,17.11984852693207,7.325440298475186,54.48812647454413,37.99087160717042
8356,16.792355127267403,7.414605744374775,52.45625486934367,39.97810111389526
8361,16.243490515983144,6.808170022552441,47.150814738931395,42.56970899894356
8364,16.729119429396434,6.796419689522231,50.15890991451742,39.77314239789581
8367,16.362884539198056,7.244502649541908,48.32262494482319,43.63382215900731
8368,16.763780632719527,6.828506635162151,50.62044748143403,39.62559612783828
8371,16.70024617882034,7.305838136656,50.835096138667005,41.4485523947842
8372,15.603402234655968,6.817026380307314,42.77524066103756,46.74737983375497
8375,17.467014414163796,7.263003395251707,56.809961335384365,35.97887997339209
8376,16.858239782995113,6.865800130937593,51.06953726614712,39.4537844275374
8379,16.74021169408834,7.217448426322077,51.38671017129949,40.666373847022655
8380,16.873610346442845,6.7903665623292255,51.628831742008785,38.69431274443401
8383,15.958257891251023,7.579793209661668,46.810138982428214,46.09685911957387
8393,11.258555904518941,6.615745202754697,21.662445730824892,71.10769416304872
8397,13.482580396163792,7.397659377723089,34.58548754474131,57.55088759535775
8400,14.541141198237874,6.9792168497805855,36.89770677660397,53.36795996691032
8408,17.224351305406735,6.610920322603041,54.97837518279971,35.70895174087557
8410,12.642079837389854,6.802466457321488,26.929822537096438,65.72704405418503
8412,17.03931878152461,6.737904637842919,52.6594750700756,37.38384438970526
8413,10.248971782690383,6.089358153572562,16.151802458845594,78.09178995624089
8414,10.399000084513782,6.10886740970691,16.577133465793413,77.96624720975298
8416,17.83425609566316,6.344847359231399,55.611776107943456,33.18103437425267
8420,17.080813531375586,6.849318701198371,52.461234381985456,38.177368879267746
8424,14.588659245892641,7.620616926342223,40.86962065667836,52.47051322919988
8428,17.062531807328384,6.711309807970088,51.883460489435784,37.2242681715916
8432,18.320130330730056,6.298596303790964,59.63346513525387,29.581371995230025
8436,17.661214982913176,6.508183201011705,55.34703081934352,33.841142570784264
8440,15.579344983630934,7.292287789441797,43.963824747621885,47.95120900834716
8443,17.438527793479242,6.872401805262065,55.06077348066298,36.13259668508287
8447,17.22742810080685,6.8119088901979925,53.49361382419233,37.49723781323198
8460,13.549545016250995,6.575330509424842,29.98150799761115,60.159448549780905
8463,17.419080049872598,6.858203721950434,55.31898146326105,36.138769727261995
8472,15.058810387159065,6.980701068358093,40.39107852123434,50.63878421654162
8476,15.34550025080466,7.267845102844354,45.42125436390713,46.05966651204805
8487,16.520185307133247,6.888342895269077,50.413282029357276,39.9472709134958
8489,13.494568294507149,6.28304178659557,28.91580329782577,60.052531737924994
8490,13.525604720434549,6.5256277874534305,30.31052114726897,59.60854695066201
8495,12.021495109056772,6.124528899345508,21.73690521451759,69.57271956248356
8500,16.341178000596965,7.197930288050883,49.007186782247906,42.12417574275765
8504,13.520285153333997,7.328583727178761,34.386718374411075,57.759366686965166
8505,14.801058420636341,7.013856199485343,39.19472981066016,51.71142949279034
8514,14.225769247180411,7.0212371730097916,37.09026128266033,54.04790182106096
8515,15.437598771738434,7.37326138781389,44.295315358307484,47.58013202895093
8517,16.388896856491325,6.9854954033843475,47.38761986683233,42.67737105355379
8518,16.55289267300701,7.121689030352679,49.71891969475875,41.73783380778094
8520,15.459640992586419,7.415867062102419,43.40083297429269,48.596869165589546
8521,14.443866598909143,7.53181821130531,38.26927781055298,54.31457472984446
8523,14.978233906528333,8.162579317679567,44.65593583781225,49.01417471942967
8529,15.245684679800648,7.094043215303689,42.2272030199363,48.69175415831072
8530,18.467039994309896,6.566692110556521,61.39072291853178,30.122538048343777
8534,16.08373029524882,7.100628607246181,47.29570840681952,43.98393102096806
8535,15.455751090072665,7.290146223991921,44.21492444062634,47.45206763247296
8537,15.300712463415941,7.365599841797343,42.17231187469377,49.613554821476555
8547,15.051528355519924,7.084841948986508,40.96028316631424,50.18617265790199
8549,15.365879989089366,6.911749007609736,44.6040213377103,47.0119744842765
8555,11.760614357966412,6.4506839477163345,22.16377727286875,69.12342950812868
8556,13.301029515427006,6.844221262651332,30.222481459878342,59.48254312140655
8562,16.041651691247733,6.953783077979582,48.25543682359769,41.99071387115496
8568,15.039582132619858,7.03849481067009,39.99182439415676,50.023909790673635
8569,15.108047626363716,6.6788685633237,39.13909890901175,50.60829084088987
8572,14.216834487333363,6.866680796042854,34.769986124452984,55.92699327569645
8575,14.165011600071008,7.088459779770916,35.514642461083504,56.06953628783834
8576,14.045617970355465,7.090310944253454,34.784932971461465,57.12024015132824
8580,15.263418722961985,7.264735908887447,43.13569562208888,48.20659526784885
8582,12.268197340296137,6.5718398225302765,24.841409236491373,67.7497675379688
8591,13.66335768441773,7.1397566446285845,33.2422080580083,58.25244137769721
860,14.104744096500905,6.988489159349654,35.939003271117954,54.2524533384645
8629,14.633215178143875,6.778715380454543,36.1260692224518,53.43810553586913
8630,15.667453927135924,7.454323735207817,46.06404673978945,46.24152565727829
8631,15.80374682748591,6.885818274697377,45.64165030294757,45.388581449317975
8632,17.256199159686272,6.739673955648703,54.42010077379881,36.82854957710995
8633,12.895913248298044,7.0759323379326835,29.70655886247996,62.28479821565484
8634,12.660423213261577,6.99544507376603,27.98471030600162,63.541558468537715
8635,13.485880301762498,7.133515109183968,31.715257939842047,59.35767097966729
8638,13.393456393280404,6.988240384603403,32.052122812247156,59.534982753481245
8640,13.483712786520192,6.946665491858998,32.16939015815735,59.23233966132134
8653,13.175428400709771,7.157571968790014,30.988744588744588,61.04935064935065
8654,12.845542964077902,7.088364221082411,29.217197281160256,62.105654608185446
8655,13.729492238191469,7.146316499592687,33.13154587348136,57.804775869292
8658,13.49704738841894,6.951610432531658,32.22824994976894,59.25172459982586
8659,13.4010606184229,7.006053273642577,32.21896498139453,59.35103443062217
8672,12.659409259345185,6.919847250381617,28.002092050209203,63.940027894002796
8673,12.719032923524308,7.095461445222132,28.300006229365227,63.240515791440856
8674,13.674927571755147,7.115490070267426,32.75132826336077,58.2123137826857
8677,13.356007433009493,7.005800190797585,32.05524088985943,59.50337791729221
8678,13.439473418098489,6.9768511240739635,32.138603607491156,59.2085958401657
8691,11.230884438758608,6.057026795246156,18.429581335405494,74.61099634213369
8692,11.217871987487259,6.018709616437991,18.2398080621513,75.06712112268409
8697,17.528617925616533,6.703906416398716,55.296300683011566,35.642938923763275
87,14.85502887254634,7.061664578439891,40.3399841718194,50.71194641581789
8707,13.746693764276337,7.115536156819818,35.34359432229787,56.05969906961171
8710,13.151702237616435,6.937108134109952,31.891726473114247,59.87620805733521
8729,13.147090121340506,6.895455409580073,30.02259586628564,61.324516514919914
8730,12.73384154568141,6.832898567422971,28.183987492800135,63.65835596149098
8732,12.132706650246808,6.644340698455879,24.39780868099452,67.0425621576064
8734,14.395032419275019,7.09862878551907,38.001860023349224,52.41110473514454
8736,13.362529975286861,7.055395662412274,35.06418031129977,56.431928441479684
8750,14.0411062074755,7.677390667285624,37.435767586648595,55.694901622008075
8751,15.273254116853149,7.063005906465971,41.80096635755229,48.09729599951982
8754,17.22627601471841,6.4221000951837715,52.15315813275715,37.03582734535953
8756,15.968283625851162,7.406870563912382,47.13415661635493,45.22760646108664
8757,14.67394746220591,7.032069576202996,37.84936957668153,53.00349968838391
8762,14.20284488610085,6.864528223382777,34.26181469444297,56.719058021205186
8763,13.888666180406565,7.069707221247827,33.91456339303577,57.67444798938624
8766,15.332985881235937,7.138381803525545,41.5661461417781,49.92363557023969
8774,14.497456382340472,6.9992111256426215,36.818579570985975,54.435588770900836
8782,13.405749929175395,6.65202673163682,31.42512805061766,58.58780993566454
8785,13.497634921079804,6.791299148696787,32.072911645510864,58.106153928552295
8786,14.005625024865399,6.007390330133107,28.575595811090693,59.43233861322599
8787,12.983035148254732,6.545865243460234,27.898010451510636,62.074987573718076
8790,12.245401238849436,6.702772884574943,24.75472771221385,66.42178934230691
8791,13.408615158552704,6.443195274303731,28.004275461902576,63.54659744490253
8792,11.294245109797258,6.937129602849576,23.765524589618085,70.04128791662505
8796,13.142617596486573,6.300126594846597,27.60153256704981,62.64827586206897
88,16.09646736158259,6.936430721137234,46.56314405514889,43.82488806765688
8800,12.68996097643761,6.467874344493348,25.684317555454474,64.84627939956653
8821,13.63738139127091,6.909881557043439,31.88429007557179,58.84990741204143
8828,13.907440856108272,6.887421696385594,34.172295385079806,56.3815201942065
8847,17.37421107126315,6.68390156623176,54.992177499644434,35.743747079261226
8850,16.69133071439086,7.201628733408514,51.188117845676416,40.50627970294614
8851,17.93284742725045,6.623268325886133,59.72345166508959,31.73743170232899
8853,17.72675965004811,6.52621417162868,57.83030749854085,33.17512978834516
8857,18.236454698371702,6.479917297219144,61.29319203104152,30.03082680244774
8859,18.24759507305495,6.488358997004694,61.35179027144072,29.915706441883845
8860,17.92298032950771,6.799281335910859,57.63407799486261,33.85031524869619
8861,17.959319554710255,6.757814137861042,57.6125748386216,33.894338592351346
8863,15.011539859098061,7.1527727776348975,40.4263681964513,50.68503406453545
8864,14.59150145660952,7.3235515659011385,38.64427720992924,53.201168145568914
8866,15.549653850548074,6.56469933504189,40.805353460685524,47.51818853830292
8867,14.839203003317644,6.813112049466788,38.017576740743074,50.97884806199109
8877,14.324676142701408,6.558195865313691,33.720108421289716,53.560583113927784
8881,14.810842638526719,6.818980418176717,37.872092840406964,51.26271759470382
8911,14.325472001397609,6.945492395493598,36.6809092067021,53.55889811373189
8927,14.514788270545273,7.020346623966923,38.70589637635092,51.538660203432926
8953,13.655113607049797,6.762664061506767,31.79019826457899,59.43332202239565
8970,7.998550536552714,4.836237220287171,7.434771548339287,88.83567628548991
8971,8.018298050289028,4.832563968153229,7.409341972194129,88.82319600804614
8974,13.386963637851593,6.963364840817068,30.148352195413363,60.645182702200394
8975,15.51922418722347,6.828748265250133,41.50699171724624,46.22715536031656
8981,17.371822362538275,6.092652359666735,53.82650741827499,33.12063478943671
8986,13.1461884793389,7.295371036917188,31.59785641169741,60.9517692631917
8995,16.608046130397337,6.625133212677693,49.850348831016674,40.6422751238217
8997,12.883792631164225,6.590489699997159,26.8742479347782,64.08068899314522
9001,12.76167609323824,6.689766683522053,26.948047839017907,64.8193381003607
9004,12.729155430808964,6.70990329334014,26.966718530606048,64.92606226202675
9008,12.766406104374072,6.6966474402225575,27.003345748374468,64.75348778486206
9025,12.618185931248776,7.156901809432762,27.894821603736293,64.8624511368461
9027,12.768547609699082,7.142611885924234,28.5865979527403,64.3980688366298
9030,12.708523238538566,7.168250841250069,28.425582180222747,64.08341770727866
9035,12.76925102016311,7.138471524385376,28.692661197101692,64.26315937861231
9037,14.3025246717901,6.858003640362825,36.307133454418214,53.15681602319498
9040,15.16054718208219,6.687845303181749,39.759111528234,49.39465039887377
9044,15.347260249074072,6.734543522584562,41.29666615455523,47.8892473668937
9045,15.291820654706195,7.012682918476953,41.86305566192084,48.8442928255648
9046,16.06496788889961,6.978667176115937,46.177652935932585,44.67394412392983
9050,14.538124506183953,6.9219193077750525,37.381843502480635,52.8784054312821
9051,16.171447576040258,6.727040244458389,46.579419025396504,43.11318521524466
9056,13.454849905105926,6.2678668926703995,29.01717517856406,59.08922009826184
9068,13.610070570789045,5.786496380749321,26.256155938974413,62.30154630299274
9069,14.912504166793541,6.972072022512983,39.73684210526316,50.526315789473685
9074,15.392384888783104,6.571741591441111,40.16556799018856,48.894444509958845
9075,15.438341395698412,6.591938583434694,40.47223302802042,48.78169537079605
9076,15.531238952503855,6.686644870390122,41.45087870930568,48.063382310573324
9077,15.4478967914925,6.609349480470964,40.467746686303386,48.6680412371134
9078,15.416417812293977,6.839378685135089,41.165365638970606,48.58701443098376
9080,15.931457628214352,6.908791581535077,44.42918474748407,45.65829563290555
9081,15.66594497471003,6.83760278709564,42.566029012310004,47.32242963647922
9082,15.548762852074029,6.797489413997946,41.92128131644633,47.66340020338356
9083,15.574719743523685,6.751941081477473,41.009562445667925,48.58533758330918
9084,15.590196712255315,6.695681622651953,41.26713496555957,48.12907772397645
9102,13.248177540743578,7.682469679082938,33.60106066137617,59.031954345445115
9104,12.506425756630378,7.783007266877202,31.34605536737804,61.8067509455149
9105,13.408236751370124,6.916981978965954,31.6057293629853,59.13208418953588
9116,17.352505436046737,6.568245668810049,53.29687637816111,36.246109648072775
9117,15.716255615268267,6.972690648660017,44.720968490319315,46.11718057957565
9119,15.811270773459903,6.848405730970979,44.60504023718763,45.13977128335451
9125,14.287460330235229,7.099464533635015,35.93907012083037,56.01823484718512
9126,14.00050689733294,6.8432894143009095,33.90856301627546,56.872767917995695
9127,14.984319016671959,6.734666723785065,38.110301635991824,51.32817825494206
9128,14.78474954780614,6.858781200713344,37.589213191097635,52.06584718687388
9129,16.346943050413202,6.812128361268164,47.73302496072613,42.66996858090417
9130,13.846080066159526,7.677329163223314,37.60436982488773,55.58825366639135
9132,13.261415051913719,6.883702910575462,30.393954271722173,59.963830038469425
9142,15.559998067160523,7.248577718678628,43.08043389915283,48.64640970333552
9149,16.48083139185015,7.1058285507111885,48.89109331821725,42.24119606036987
9150,17.134305115061483,7.092671453041792,53.104793069828425,38.80402989925252
9175,15.748370615323237,6.765837964728747,43.58687867067756,46.24552356395932
9196,16.64042891649619,6.949038302946453,49.99558472904954,40.81623642304183
9200,13.619094249492564,6.648277982642089,30.664923240834906,60.29226596929633
9201,13.668625525221369,6.653243648918895,30.90369002816635,59.94224715377878
9204,13.987330155027418,6.693393335380381,33.027979324904756,57.9812662282511
9205,13.7413312552386,6.628956771297747,31.162318737979778,59.56249336306679
9208,15.881510215960256,7.60033243855674,47.921124294884265,44.15969655709006
9209,15.9197617446493,7.076398507826142,45.93483227125165,45.16532403510881
9210,15.831049977159921,6.893466575123211,44.116544981775654,45.7152914192281
9211,13.884528393922015,6.816852832895922,33.06692160611855,58.16252390057362
9212,15.749731116280055,7.6690336619979105,47.55485129205266,44.75865431496831
9214,14.14101555224087,6.866620742395874,34.50193737369992,56.775246111348
9220,16.313731607126748,7.205014130672912,48.16243873797227,43.55745149964651
9221,15.901554861583206,7.125960592671678,45.7149359886202,44.826173541963016
9222,12.54682768516943,7.534242458347763,30.16010472258584,63.39140066458564
9223,12.601271249168287,7.571597718465524,30.441529129637466,63.29524615601636
9226,15.021898215578034,7.290699999176521,41.271249766486086,50.700541752288444
9227,14.595342644483356,7.453616721243928,39.875808622059374,52.19928987175538
9239,16.83963138259297,6.747146419618922,50.576111402076464,39.477494685603375
9243,15.607276493489305,6.787148260426865,43.826765750071665,46.43542305232751
9244,12.726594474449042,7.537589630618431,31.15976863553895,61.100686960162506
9250,13.676742045928375,6.696790363983505,30.66714792757023,59.8496059676352
9256,15.445072743928014,7.046006537058261,41.977446406594346,49.04261713271702
9259,14.193415234410018,6.730103266544887,33.43799866165646,56.43177021670871
9260,15.118442604509733,7.138133555723129,41.50305307656176,49.51933615155785
9261,15.467961232666175,6.921393606892563,42.998558689833224,47.368421052631575
9263,15.70109514499893,6.952122743676623,44.26758409785933,46.0565749235474
9264,14.876584830149834,6.8883238305395444,37.68866861905835,51.36573552601937
9265,15.25853636779825,7.248098027953756,42.21577491397341,49.151879090479724
9268,16.198540204405212,7.06032818586624,47.032302405498285,43.051546391752574
9269,14.688408164297066,6.986122764773268,36.76397634039306,53.09482923106278
9270,15.64236836187867,6.551130331315911,41.48658251128573,48.57047316502257
9271,16.55993354650263,6.745288492476932,49.56932535824077,39.82930159010774
9278,14.6056410253984,6.3464191062014805,35.5185043663035,53.24373945703129
9282,15.559362900487,6.77370483944614,43.32044755744377,46.02263303606741
9283,14.046444983981418,6.7494557509530635,33.21724814791363,55.3055151016273
9284,14.866796326513466,7.019900316253105,39.4061108624467,50.87987938467337
9285,14.36323642427204,6.395403992005283,32.87945095266539,54.22817646556874
9286,14.60318724692927,7.275568103579393,38.65965370083449,52.64888961374324
9290,12.40882294122469,6.899600268806728,27.380750034766756,64.89794026299117
9292,12.164854418826442,6.774551996377267,25.96833168071393,66.2772682201289
9293,13.408213870887801,7.127525562622508,33.46771903923684,58.11140764295043
9300,14.848783053254447,7.4380018335847655,40.48396448079094,51.5516767874035
9309,14.021707844499174,6.825830871493317,33.83104929433422,57.084416912602634
9340,10.821161024128239,6.145015190196198,18.15389865210715,74.42757208667463
9350,12.419991944485297,7.48115319250423,30.218908864549217,62.88479494894103
9353,15.219769825406056,7.00874373582097,40.77620106001026,50.44818406076741
9360,13.499663241403336,6.483592623707612,30.03055933891108,60.550983736022246
9368,14.274053114596398,7.740010224405138,38.903402280480684,53.11491532716599
9373,12.241293109039463,6.9507864162947754,26.687953375906755,66.07198214396429
9374,16.290155242638985,7.58005249089783,50.12853052193154,40.696993361967984
9376,12.626084313823203,6.709559967901701,26.097881665449236,65.29145361577794
9377,13.008706080712091,6.664619575170208,27.265625,64.38100961538461
9378,12.95917494761519,6.79243426937007,28.270265228071267,63.33136407450017
9382,13.900696056221602,6.489161075984362,32.1246952281435,57.47474747474748
9383,10.766436644104074,6.218293476501854,18.09228863425209,74.2954475069681
9384,10.536317817984257,6.338384261157955,17.719606828763578,75.58406621831351
9385,12.32076967587568,6.598668973870859,25.27007208807552,66.18676801685498
9389,14.884078856375822,6.905847820787154,38.450270982862165,51.72909703450205
9391,14.338664968758737,6.6602074073301285,36.12660654166564,53.73897230481901
9394,15.394783226265655,6.646437472851304,42.180534470710136,46.766187137039445
9395,15.223090959750952,6.648400542323605,40.44577828203345,48.58910075760348
9396,15.820575616611304,6.78503084277436,44.925542933795185,45.441733312957396
9404,16.945318037716657,6.963814438065912,52.43539036679851,38.446118004009314
9408,12.700269740997017,6.572498037917069,27.077769415713725,64.01641036570341
9417,15.085106691060034,7.325949373234439,42.0056533887842,49.21209955162779
9420,12.625230168780233,6.6186598116540845,26.905847585681236,64.27062300255406
9421,15.86123602372768,7.651370819866181,48.09733726056101,42.75604404293593
9422,15.406494826116463,7.46082200077047,44.2302412835921,46.00555165787146
9424,13.540808312447991,7.150520537598779,32.698223677681845,59.00565644537065
9425,12.059620751154748,6.227891681340634,22.045957490607794,69.53322011219186
9442,13.534964510996872,6.862664931116735,31.484456203344983,59.72597562127942
9464,14.820642016992368,7.100821577961777,41.067821732752726,49.865984686158406
9465,14.038679020535383,6.614444381703384,34.400819287127796,56.051867651248564
9467,16.300139428214035,6.699885681506295,48.34082049378133,41.22294412474476
9468,12.597618585711235,6.750588764405898,27.033011957891866,64.72932919974109
9472,16.408960898441602,6.814851217795228,49.106776522250186,40.20004657403609
9475,15.342465976169155,7.165817406610752,43.14123618990743,44.568527918781726
9478,16.498909231157324,7.078330465374912,49.7091977827106,41.15874452808195
9481,13.064745990176556,6.690952833580655,29.320003673528294,61.734954933679695
9492,14.302602917082236,6.598474184383263,35.50991649766251,52.26656002742152
9498,12.884319170149293,6.700146796446743,28.176497665548762,62.99270072992701
9508,13.171355805140184,6.6171016874744595,28.41812199443179,63.11819792457606
9514,12.911761003401441,7.040419712797895,29.453645184604266,61.942765757869324
9517,14.779943771837003,6.4577395320064,36.18566855454321,52.898300911105636
9518,12.75970895131771,6.376903766204334,24.42479654375565,66.41464884959308
9519,13.680141202022213,7.28165487757062,34.499955630490724,55.445913568195934
9520,16.376644813486163,6.544701800485636,47.46495033884327,41.45899817132202
9522,12.162718460019017,6.741447786972802,25.39178412462908,65.36535608308606
9523,14.45291438114356,6.7900794504729225,36.66929828635118,52.4659824455487
9525,15.43716194261546,7.030143436883181,42.663531610999954,48.10217165890205
9530,17.1741844731055,6.878558227063425,52.82851649342065,38.23078771856036
9531,17.490509524672603,6.78929319562078,55.02620797686468,35.981744788528744
9533,14.649798737896722,6.897364051469284,37.969600935355835,51.92455616750253
9534,16.125913826847693,6.976914446804918,45.73430112117906,44.60363394847953
9535,15.155120462584838,7.066563500754762,41.79799332860558,48.7031492133533
9537,13.513742395940374,6.9614092481714085,32.188733712523145,59.48776420808426
9538,15.120763585525955,7.024703983146763,41.67012304714503,48.74286504315538
9541,13.93270232980695,7.019893573952104,34.26893554055304,56.63222840231996
9542,10.5800409072089,5.985741339785522,15.95380780653373,76.7162971998303
9545,17.04797915107031,6.942202045266974,52.89605426064489,37.97975991817839
9548,10.807989273710767,6.571969247557406,18.726557851987895,76.56949222690706
9549,14.198506357346318,6.902927546307924,34.364777414308065,56.47311904423269
9562,16.430106189524665,7.056697087885238,49.261744966442954,42.02799021903127
9564,16.310898829878056,7.219183471975354,48.979419624021375,42.79030518963012
9566,16.174113200594785,7.135830357201856,47.7353138980672,43.659171320798855
9573,14.863606485383379,7.496435448077034,41.55870065249026,50.004694174529405
9585,14.901696231024825,7.3540939030758725,40.895376872504976,50.88536382919856
9586,15.20040945463029,7.040099517904588,41.87342928946767,48.627566173830736
9597,15.772210541117385,7.158770817443577,46.04647183210492,44.9366237639495
9600,14.958636955806531,7.29982174943414,40.92817526824127,50.963249650120076
9601,14.864496234749266,7.045112547185148,39.47757516017742,51.25158880444087
9612,14.453558746532947,7.372571454838831,39.014885281038836,53.02124579850938
9615,15.427531364242228,7.091583806812904,43.89317790138852,46.85656639251236
9616,16.535113839571228,7.094996509354471,50.319031903190314,39.43619361936194
9618,17.185045721443128,6.8573309279205725,53.69816040586309,37.331534494146744
9621,17.619552619359336,6.653773562650821,55.962534591641244,34.611509259916275
9623,13.941829160502017,6.758504458472064,32.91442552675213,56.73555223035548
9626,14.267658319776498,6.629017995947697,36.79445527398744,53.11890838206628
9638,16.238116941780625,6.933160746508382,46.519587826964184,43.6492686090361
9644,15.46023980390179,7.374316812443235,43.92587261604894,47.57466714645556
9648,14.482726488791519,7.26412131879806,38.141000290015555,53.29563131113396
9650,13.985801437184154,7.539122835997788,35.61042090020808,57.10078972025164
9651,16.273461003663154,7.367142712006162,49.05706479486439,42.62533596925743
9654,16.28585571913378,7.0754321350571425,47.12546477133922,44.03280580947395
9655,16.343236744859446,6.978918349797717,47.59400654457776,43.193065043917564
9667,16.015251364923255,6.932674976399193,44.67125136576901,45.6186130214024
9668,15.307448811125546,7.137557459313496,42.065524088201485,48.4611767164803
9669,14.596499632363612,7.069199170636276,38.05598849058866,53.001738400671385
9671,16.00749266847773,6.959629854911198,44.80792023983825,45.785400543819286
9672,15.409760107156034,7.084742434508808,42.40553472458938,48.02484566147786
9673,14.539763104147855,7.093208843267478,37.85022135537599,53.20887898207486
9678,14.554221091245749,7.20408529052762,38.40517767737208,53.1578947368421
9682,15.316843127402274,7.014894351050599,41.1157915685429,49.805963713556004
9688,15.195780911033495,7.396801357689958,42.66607392353613,49.48812396799187
9691,15.618541000250016,6.800952643924133,42.120598806574314,46.79484942596922
972,16.499274689581426,6.196076760187438,46.92880436688369,39.203768424251635
9720,14.942492283213447,7.365729190946719,41.15970372836218,50.1581225033289
9729,14.564141457791791,6.390021430603685,35.09791657680197,51.571194409696766
973,16.840464792357498,6.140856262795383,49.36622201937639,36.72074352218742
974,15.549635965182794,6.311929730092494,40.31539182081133,45.798721551431306
9747,15.883162780265145,6.972688144561428,45.21390004153399,45.15298352485117
9748,16.062174937737137,6.903338995530043,46.33424219890385,43.94089619653529
9753,16.111061172144513,7.209563769420312,47.365607683124566,44.231420273328226
9756,16.05797045664115,6.937536509367809,45.88091911030794,44.713644816608706
9759,14.29426975704518,7.260177574997296,36.43156239784561,55.13612801793247
976,13.014684717544096,7.0923727500084714,30.566832987262526,61.9249801138418
9762,13.396203824839883,7.051318992950169,30.68375557084318,60.89043759160111
9764,15.999278072949103,6.809478089159642,43.603510583376355,46.364481156427466
9765,14.409540192259122,7.398639702621197,37.40449028126067,55.15840779853778
9767,12.062574468253121,6.422248297218275,21.95552273100279,70.16658460528475
9768,14.380201936157848,7.213842272538463,36.3826982034216,54.56928184518609
9769,13.417041611606594,7.054886818178435,30.652793787538673,61.14784929927804
9770,15.877294280939239,6.83073409598385,43.42675812046673,46.51135288552507
9771,11.678384671430443,6.5438839470126124,22.171924842807886,70.75212508988992
9772,11.638237966834959,6.769251157196107,23.338132623400615,69.35245805148823
9774,13.146754826810971,6.739375616933374,29.10139055858994,62.49562196495678
9775,11.241166154783283,6.854270814256252,22.499330816588365,71.46786535106746
9777,12.593315952794162,6.893007335045158,27.079909854922768,65.53946194657027
9778,12.555990236158905,6.915745899005888,26.82114674086576,65.48031747479816
978,11.348298667508612,6.856908020516096,22.766516701286683,70.20053357485307
9780,14.425560014280263,7.441942327595106,37.8240638156437,54.565242893080125
9783,14.146673879005652,6.952824039762585,35.23915493359581,55.7395757549821
9786,15.820924815387324,7.095485002485365,45.47134405752675,45.29801893684377
9789,13.187454654202716,7.346052213104273,32.97023509847896,59.13314110485606
9792,13.138396703910763,7.79334592260765,33.76029827409946,59.64279271152806
9795,12.331296689366162,6.4008443373458865,23.968173584464658,66.34658460100114
9813,13.778582702846911,7.15578794394036,35.16102023729298,56.41528313831199
982,15.079794864435053,6.780952373960648,40.213483835347525,49.19207410588308
983,15.120520442254604,6.776148928244908,40.44062961021227,48.93500286518977
9831,11.56774469287779,6.690505444615508,22.554971496261196,70.63374546531428
9833,12.510922787874156,6.959835127187609,28.36223712690057,64.52449028672207
9834,12.300847109481314,6.734042911364386,25.830857308500615,66.00188419450684
9835,11.430457149782878,6.0775973450134275,18.985556742940872,70.75653582170123
9839,12.44740719586775,7.175278607195976,29.204404769661824,62.7831715210356
9847,14.829233922846026,6.9289286278275775,38.25785562171325,51.08544482593768
9848,13.761815610704286,6.600461623883953,32.592230117867324,56.36781413556869
986,15.098481302388938,6.7789150793408055,40.33417883616126,49.05804417957495
9860,10.547455128233638,5.632118629982854,14.734074779297213,77.99787952224338
9867,11.145113954275594,6.501002210245081,20.646920457338126,72.58662859416508
987,15.088238954856687,6.779486402887516,40.254937251904636,49.105007519909265
9873,12.989433736812462,6.195746552208757,25.607861060329068,64.06154783668495
9875,13.027312021596545,6.224750221516266,25.97847954642443,63.393891361336344
9884,17.786249684140717,6.583392505336309,57.461750408817004,33.496113438319036
9892,13.373687506399461,6.007374045467893,26.50066534205873,62.214039628866736
9893,13.515310106278438,6.022755354700336,27.282602691804907,61.41623552372361
990,11.568522860631257,6.573746990444764,22.942114220470067,69.73114457441996
9901,14.47237594825324,6.398061264592926,34.40271708562281,52.38177648942154
9910,17.972254149150338,6.68133608352089,57.257654358661384,33.77298568021791
9917,13.407032468230629,6.334406714360968,28.620364691627646,60.3581098263302
9924,13.422683536829393,6.336570143027561,28.64586443714542,60.39862645565841
993,8.310703713139858,5.605090831155182,10.619948036951502,85.45215069284065
9937,17.89342483568016,6.899788092199013,58.571940248193336,33.396540463097566
994,15.27565584459251,6.6607757673949495,40.08858971452487,48.41044242540502
9940,9.721787491065985,5.867934466173346,14.143075745983166,79.81637337413925
9942,15.368130567076738,7.135257076816062,42.4985381338234,48.656475371035555
9943,15.213501852104159,7.243654075252268,42.144378105298316,49.00839213394013
995,17.692056653804254,6.4750286560923325,56.24567234455061,33.63107602825093
996,13.806510529234634,6.961530602168235,33.5379024239723,58.01247985737306
9979,14.383875899304522,7.368321457944222,39.20803576612669,52.41247169482669
9983,15.634778015394247,7.4056626126119465,45.02372920121219,46.00606095259877
9987,14.526903016149697,7.1726766199675245,37.91601544543533,53.349958628298246
9991,12.616360471355287,7.0758599853989885,28.820767872083298,63.01129497071675
